id,match_id,sentence,type,source,tokens,pos_tags,event_tags,dep_tags
1,M01,"Krunal, Kohli and Salt thrash KKR on opening night of IPL 2025",Headline,ESPNCricinfo,"['Krunal', ',', 'Kohli', 'and', 'Salt', 'thrash', 'KKR', 'on', 'opening', 'night', 'of', 'IPL', '2025']","['PROPN', 'PUNCT', 'PROPN', 'CCONJ', 'PROPN', 'VERB', 'PROPN', 'ADP', 'NOUN', 'NOUN', 'ADP', 'PROPN', 'NUM']","['PLAYER', 'O', 'PLAYER', 'O', 'PLAYER', 'RESULT', 'TEAM', 'O', 'O', 'O', 'O', 'TOURNAMENT', 'TOURNAMENT']","['nsubj', 'punct', 'conj', 'cc', 'conj', 'ROOT', 'dobj', 'prep', 'pcomp', 'dobj', 'prep', 'pobj', 'nummod']"
2,M01,KKR lost their way after Rahane and Narine's 103-run partnership for the second wicket,Summary,ESPNCricinfo,"['KKR', 'lost', 'their', 'way', 'after', 'Rahane', 'and', 'Narine', ""'s"", '103-run', 'partnership', 'for', 'the', 'second', 'wicket']","['PROPN', 'VERB', 'PRON', 'NOUN', 'SCONJ', 'PROPN', 'CCONJ', 'PROPN', 'PART', 'ADJ', 'NOUN', 'ADP', 'DET', 'ADJ', 'NOUN']","['TEAM', 'RESULT', 'O', 'O', 'O', 'PLAYER', 'O', 'PLAYER', 'O', 'PARTNERSHIP', 'PARTNERSHIP', 'O', 'O', 'O', 'WICKET']","['nsubj', 'ROOT', 'poss', 'dobj', 'mark', 'poss', 'cc', 'conj', 'case', 'amod', 'advcl', 'prep', 'det', 'amod', 'pobj']"
3,M02,Kishan's 106* ensures SRH ease to win in 286 plays 242,Headline,ESPNCricinfo,"['Kishan', ""'s"", '106*', 'ensures', 'SRH', 'ease', 'to', 'win', 'in', '286', 'plays', '242']","['PROPN', 'PART', 'NUM', 'VERB', 'PROPN', 'VERB', 'PART', 'VERB', 'ADP', 'NUM', 'VERB', 'NUM']","['PLAYER', 'O', 'SCORE', 'O', 'TEAM', 'RESULT', 'O', 'RESULT', 'O', 'SCORE', 'O', 'SCORE']","['poss', 'case', 'nummod', 'ROOT', 'nsubj', 'ccomp', 'aux', 'xcomp', 'prep', 'pobj', 'conj', 'nummod']"
4,M02,"SRH threatened to breach 300 in their first game of the season, with Travishek and Klaasen also landing blows",Summary,ESPNCricinfo,"['SRH', 'threatened', 'to', 'breach', '300', 'in', 'their', 'first', 'game', 'of', 'the', 'season', ',', 'with', 'Travishek', 'and', 'Klaasen', 'also', 'landing', 'blows']","['NOUN', 'VERB', 'PART', 'VERB', 'NUM', 'ADP', 'PRON', 'ADJ', 'NOUN', 'ADP', 'DET', 'NOUN', 'PUNCT', 'ADP', 'PROPN', 'CCONJ', 'PROPN', 'ADV', 'VERB', 'NOUN']","['TEAM', 'O', 'O', 'RUN_EVENT', 'SCORE', 'O', 'O', 'O', 'O', 'O', 'O', 'TOURNAMENT', 'O', 'O', 'PLAYER', 'O', 'PLAYER', 'O', 'RUN_EVENT', 'RUN_EVENT']","['nsubj', 'ROOT', 'aux', 'xcomp', 'dobj', 'prep', 'poss', 'amod', 'pobj', 'prep', 'det', 'pobj', 'punct', 'prep', 'nsubj', 'cc', 'conj', 'advmod', 'pcomp', 'dobj']"
5,M03,"Noor, Ravindra, Gaikwad get CSK off to winning start",Headline,ESPNCricinfo,"['Noor', ',', 'Ravindra', ',', 'Gaikwad', 'get', 'CSK', 'off', 'to', 'winning', 'start']","['PROPN', 'PUNCT', 'PROPN', 'PUNCT', 'PROPN', 'VERB', 'PROPN', 'ADP', 'ADP', 'ADJ', 'NOUN']","['PLAYER', 'O', 'PLAYER', 'O', 'PLAYER', 'O', 'TEAM', 'O', 'O', 'RESULT', 'RESULT']","['nsubj', 'punct', 'conj', 'punct', 'conj', 'ROOT', 'dobj', 'prt', 'prep', 'amod', 'dobj']"
6,M03,"Debutant Vignesh Puthur picked up three wickets for MI, but CSK closed out a comfortable win in the end",Summary,ESPNCricinfo,"['Debutant', 'Vignesh', 'Puthur', 'picked', 'up', 'three', 'wickets', 'for', 'MI', ',', 'but', 'CSK', 'closed', 'out', 'a', 'comfortable', 'win', 'in', 'the', 'end']","['NOUN', 'PROPN', 'PROPN', 'VERB', 'ADP', 'NUM', 'NOUN', 'ADP', 'PROPN', 'PUNCT', 'CCONJ', 'PROPN', 'VERB', 'ADP', 'DET', 'ADJ', 'NOUN', 'ADP', 'DET', 'NOUN']","['ROLE', 'PLAYER', 'PLAYER', 'O', 'O', 'O', 'WICKET', 'O', 'TEAM', 'O', 'O', 'TEAM', 'O', 'O', 'O', 'O', 'RESULT', 'O', 'O', 'O']","['compound', 'compound', 'nsubj', 'ROOT', 'prt', 'nummod', 'dobj', 'prep', 'pobj', 'punct', 'cc', 'nsubj', 'conj', 'prt', 'det', 'amod', 'dobj', 'prep', 'det', 'pobj']"
7,M04,Ashutosh stuns LSG as DC complete one-wicket heist,Headline,ESPNCricinfo,"['Ashutosh', 'stuns', 'LSG', 'as', 'DC', 'complete', 'one-wicket', 'heist']","['PROPN', 'VERB', 'PROPN', 'SCONJ', 'PROPN', 'VERB', 'ADJ', 'NOUN']","['PLAYER', 'RESULT', 'TEAM', 'O', 'TEAM', 'O', 'MARGIN', 'RESULT']","['nsubj', 'ROOT', 'dobj', 'mark', 'pobj', 'advcl', 'amod', 'dobj']"
8,M04,DC's new recruit joined forces with debutant Vipraj Nigam to turn what seemed a certain defeat into a pulsating last-over win,Summary,ESPNCricinfo,"['DC', ""'s"", 'new', 'recruit', 'joined', 'forces', 'with', 'debutant', 'Vipraj', 'Nigam', 'to', 'turn', 'what', 'seemed', 'a', 'certain', 'defeat', 'into', 'a', 'pulsating', 'last-over', 'win']","['PROPN', 'PART', 'ADJ', 'NOUN', 'VERB', 'NOUN', 'ADP', 'NOUN', 'PROPN', 'PROPN', 'PART', 'VERB', 'PRON', 'VERB', 'DET', 'ADJ', 'NOUN', 'ADP', 'DET', 'ADJ', 'ADJ', 'NOUN']","['TEAM', 'O', 'O', 'ROLE', 'O', 'O', 'O', 'ROLE', 'PLAYER', 'PLAYER', 'O', 'O', 'O', 'O', 'O', 'O', 'RESULT', 'O', 'O', 'O', 'MARGIN', 'RESULT']","['poss', 'case', 'amod', 'nsubj', 'ROOT', 'dobj', 'prep', 'compound', 'compound', 'pobj', 'aux', 'advcl', 'nsubj', 'ccomp', 'det', 'amod', 'dobj', 'prep', 'det', 'amod', 'amod', 'pobj']"
9,M05,Shreyas Iyer's IPL best leads PBKS to winning start,Headline,ESPNCricinfo,"['Shreyas', 'Iyer', ""'s"", 'IPL', 'best', 'leads', 'PBKS', 'to', 'winning', 'start']","['PROPN', 'PROPN', 'PART', 'PROPN', 'ADV', 'VERB', 'PROPN', 'ADP', 'ADJ', 'NOUN']","['PLAYER', 'PLAYER', 'O', 'TOURNAMENT', 'O', 'O', 'TEAM', 'O', 'RESULT', 'RESULT']","['compound', 'poss', 'case', 'nsubj', 'advmod', 'ROOT', 'dobj', 'prep', 'amod', 'dobj']"
10,M05,Arya and Shashank also impressed as PBKS posted their highest-ever total on their way to a 11-run win,Summary,ESPNCricinfo,"['Arya', 'and', 'Shashank', 'also', 'impressed', 'as', 'PBKS', 'posted', 'their', 'highest-ever', 'total', 'on', 'their', 'way', 'to', 'a', '11-run', 'win']","['PROPN', 'CCONJ', 'PROPN', 'ADV', 'VERB', 'SCONJ', 'PROPN', 'VERB', 'PRON', 'ADJ', 'NOUN', 'ADP', 'PRON', 'NOUN', 'ADP', 'DET', 'ADJ', 'NOUN']","['PLAYER', 'O', 'PLAYER', 'O', 'O', 'O', 'TEAM', 'O', 'O', 'O', 'SCORE', 'O', 'O', 'O', 'O', 'O', 'MARGIN', 'RESULT']","['nsubj', 'cc', 'conj', 'advmod', 'ROOT', 'mark', 'nsubj', 'advcl', 'poss', 'amod', 'dobj', 'prep', 'poss', 'pobj', 'prep', 'det', 'amod', 'pobj']"
11,M06,KKR spinners stifle Royals before Quinton de Kock gets the job done,Headline,ESPNCricinfo,"['KKR', 'spinners', 'stifle', 'Royals', 'before', 'Quinton', 'de', 'Kock', 'gets', 'the', 'job', 'done']","['PROPN', 'NOUN', 'VERB', 'PROPN', 'ADP', 'PROPN', 'ADP', 'PROPN', 'VERB', 'DET', 'NOUN', 'VERB']","['TEAM', 'ROLE', 'O', 'TEAM', 'O', 'PLAYER', 'PLAYER', 'PLAYER', 'O', 'O', 'O', 'RESULT']","['compound', 'compound', 'compound', 'nsubj', 'prep', 'compound', 'nmod', 'pobj', 'ROOT', 'det', 'dobj', 'ccomp']"
12,M06,KKR were without an unwell Sunil Narine but still dominated enough to not need Andre Russell with ball or bat,Summary,ESPNCricinfo,"['KKR', 'were', 'without', 'an', 'unwell', 'Sunil', 'Narine', 'but', 'still', 'dominated', 'enough', 'to', 'not', 'need', 'Andre', 'Russell', 'with', 'ball', 'or', 'bat']","['PROPN', 'AUX', 'ADP', 'DET', 'ADJ', 'PROPN', 'PROPN', 'CCONJ', 'ADV', 'VERB', 'ADV', 'PART', 'PART', 'VERB', 'PROPN', 'PROPN', 'ADP', 'NOUN', 'CCONJ', 'NOUN']","['TEAM', 'O', 'O', 'O', 'O', 'PLAYER', 'PLAYER', 'O', 'O', 'O', 'O', 'O', 'O', 'O', 'PLAYER', 'PLAYER', 'O', 'O', 'O', 'O']","['nsubj', 'ROOT', 'prep', 'det', 'amod', 'compound', 'pobj', 'cc', 'advmod', 'conj', 'advmod', 'aux', 'neg', 'xcomp', 'compound', 'dobj', 'prep', 'pobj', 'cc', 'conj']"
13,M07,Shardul and Pooran make light work of SRH,Headline,ESPNCricinfo,"['Shardul', 'and', 'Pooran', 'make', 'light', 'work', 'of', 'SRH']","['PROPN', 'CCONJ', 'PROPN', 'VERB', 'ADJ', 'NOUN', 'ADP', 'PROPN']","['PLAYER', 'O', 'PLAYER', 'O', 'O', 'O', 'O', 'TEAM']","['nsubj', 'cc', 'conj', 'ROOT', 'amod', 'dobj', 'prep', 'pobj']"
14,M07,LSG chasing down their target with 23 balls and five wickets to spare was giving SRH a taste of their own medicine,Summary,ESPNCricinfo,"['LSG', 'chasing', 'down', 'their', 'target', 'with', '23', 'balls', 'and', 'five', 'wickets', 'to', 'spare', 'was', 'giving', 'SRH', 'a', 'taste', 'of', 'their', 'own', 'medicine']","['PROPN', 'VERB', 'ADP', 'PRON', 'NOUN', 'ADP', 'NUM', 'NOUN', 'CCONJ', 'NUM', 'NOUN', 'PART', 'VERB', 'AUX', 'VERB', 'PROPN', 'DET', 'NOUN', 'ADP', 'PRON', 'ADJ', 'NOUN']","['TEAM', 'RESULT', 'O', 'O', 'O', 'O', 'MARGIN', 'MARGIN', 'O', 'MARGIN', 'MARGIN', 'O', 'O', 'O', 'O', 'TEAM', 'O', 'O', 'O', 'O', 'O', 'O']","['nsubj', 'ROOT', 'prt', 'poss', 'dobj', 'prep', 'nummod', 'pobj', 'cc', 'nummod', 'conj', 'aux', 'advcl', 'aux', 'dep', 'dative', 'det', 'dobj', 'prep', 'poss', 'amod', 'pobj']"
15,M08,"Patidar, bowlers lead RCB to first win over CSK in Chennai since 2008",Headline,ESPNCricinfo,"['Patidar', ',', 'bowlers', 'lead', 'RCB', 'to', 'first', 'win', 'over', 'CSK', 'in', 'Chennai', 'since', '2008']","['PROPN', 'PUNCT', 'NOUN', 'VERB', 'PROPN', 'PART', 'ADJ', 'NOUN', 'ADP', 'PROPN', 'ADP', 'PROPN', 'SCONJ', 'NUM']","['PLAYER', 'O', 'ROLE', 'O', 'TEAM', 'O', 'O', 'RESULT', 'O', 'TEAM', 'O', 'VENUE', 'O', 'TOURNAMENT']","['npadvmod', 'punct', 'nsubj', 'ROOT', 'dobj', 'aux', 'amod', 'pobj', 'prep', 'pobj', 'prep', 'pobj', 'prep', 'pobj']"
16,M08,CSK couldn't handle the seam and swing of Bhuvneshwar and Hazlewood after RCB batters dominated CSK's attack,Summary,ESPNCricinfo,"['CSK', 'could', ""n't"", 'handle', 'the', 'seam', 'and', 'swing', 'of', 'Bhuvneshwar', 'and', 'Hazlewood', 'after', 'RCB', 'batters', 'dominated', 'CSK', ""'s"", 'attack']","['PROPN', 'AUX', 'PART', 'VERB', 'DET', 'NOUN', 'CCONJ', 'NOUN', 'ADP', 'PROPN', 'CCONJ', 'PROPN', 'SCONJ', 'PROPN', 'NOUN', 'VERB', 'PROPN', 'PART', 'NOUN']","['TEAM', 'O', 'O', 'O', 'O', 'O', 'O', 'O', 'O', 'PLAYER', 'O', 'PLAYER', 'O', 'TEAM', 'ROLE', 'O', 'TEAM', 'O', 'O']","['nsubj', 'aux', 'neg', 'ROOT', 'det', 'dobj', 'cc', 'conj', 'prep', 'pobj', 'cc', 'conj', 'mark', 'compound', 'nsubj', 'advcl', 'poss', 'case', 'dobj']"
17,M09,"Sai Sudharsan, Prasidh Krishna consign MI to big defeat",Headline,ESPNCricinfo,"['Sai', 'Sudharsan', ',', 'Prasidh', 'Krishna', 'consign', 'MI', 'to', 'big', 'defeat']","['PROPN', 'PROPN', 'PUNCT', 'PROPN', 'PROPN', 'VERB', 'PROPN', 'ADP', 'ADJ', 'NOUN']","['PLAYER', 'PLAYER', 'O', 'PLAYER', 'PLAYER', 'RESULT', 'TEAM', 'O', 'O', 'RESULT']","['compound', 'nsubj', 'punct', 'compound', 'conj', 'ROOT', 'dobj', 'prep', 'amod', 'pobj']"
18,M09,"There was some concern for Titans as Sai Sudharsan left the field clutching his left hamstring after a diving effort, but Shubman Gill later said that it was a cramp",Summary,ESPNCricinfo,"['There', 'was', 'some', 'concern', 'for', 'Titans', 'as', 'Sai', 'Sudharsan', 'left', 'the', 'field', 'clutching', 'his', 'left', 'hamstring', 'after', 'a', 'diving', 'effort', ',', 'but', 'Shubman', 'Gill', 'later', 'said', 'that', 'it', 'was', 'a', 'cramp']","['PRON', 'VERB', 'DET', 'NOUN', 'ADP', 'PROPN', 'SCONJ', 'PROPN', 'PROPN', 'VERB', 'DET', 'NOUN', 'VERB', 'PRON', 'ADJ', 'NOUN', 'ADP', 'DET', 'ADJ', 'NOUN', 'PUNCT', 'CCONJ', 'PROPN', 'PROPN', 'ADV', 'VERB', 'SCONJ', 'PRON', 'AUX', 'DET', 'NOUN']","['O', 'O', 'O', 'O', 'O', 'TEAM', 'O', 'PLAYER', 'PLAYER', 'O', 'O', 'O', 'O', 'O', 'O', 'O', 'O', 'O', 'O', 'O', 'O', 'O', 'PLAYER', 'PLAYER', 'O', 'O', 'O', 'O', 'O', 'O', 'O']","['expl', 'ROOT', 'det', 'attr', 'prep', 'pobj', 'mark', 'compound', 'nsubj', 'advcl', 'det', 'dobj', 'advcl', 'poss', 'amod', 'dobj', 'prep', 'det', 'amod', 'pobj', 'punct', 'cc', 'compound', 'nsubj', 'advmod', 'conj', 'mark', 'nsubj', 'ccomp', 'det', 'attr']"
19,M10,Explosive SRH fizzle out against Starc and Kuldeep,Headline,ESPNCricinfo,"['Explosive', 'SRH', 'fizzle', 'out', 'against', 'Starc', 'and', 'Kuldeep']","['ADJ', 'PROPN', 'VERB', 'ADP', 'ADP', 'PROPN', 'CCONJ', 'PROPN']","['O', 'TEAM', 'RESULT', 'RESULT', 'O', 'PLAYER', 'O', 'PLAYER']","['amod', 'nsubj', 'ROOT', 'prt', 'prep', 'pobj', 'cc', 'conj']"
20,M10,Starc's maiden five-for in T20s overshadowed Aniket Verma's 41-ball 74,Summary,ESPNCricinfo,"['Starc', ""'s"", 'maiden', 'five-for', 'in', 'T20s', 'overshadowed', 'Aniket', 'Verma', ""'s"", '41-ball', '74']","['PROPN', 'PART', 'ADJ', 'NOUN', 'ADP', 'NOUN', 'VERB', 'PROPN', 'PROPN', 'PART', 'ADJ', 'NUM']","['PLAYER', 'O', 'O', 'WICKET', 'O', 'TOURNAMENT', 'O', 'PLAYER', 'PLAYER', 'O', 'SCORE', 'SCORE']","['nsubj', 'case', 'amod', 'nummod', 'prep', 'pobj', 'ROOT', 'nsubj', 'compound', 'case', 'amod', 'nummod']"
21,M11,Rana 81 in Royals win as CSK batting muddle continues,Headline,ESPNCricinfo,"['Rana', '81', 'in', 'Royals', 'win', 'as', 'CSK', 'batting', 'muddle', 'continues']","['PROPN', 'NUM', 'ADP', 'PROPN', 'NOUN', 'SCONJ', 'PROPN', 'NOUN', 'NOUN', 'VERB']","['PLAYER', 'SCORE', 'O', 'TEAM', 'RESULT', 'O', 'TEAM', 'ROLE', 'O', 'O']","['nsubj', 'nummod', 'prep', 'pobj', 'advcl', 'mark', 'compound', 'compound', 'nsubj', 'ROOT']"
22,M11,Rajasthan Royals secured their first win of IPL 2025 with Hasaranga also playing a big part,Summary,ESPNCricinfo,"['Rajasthan', 'Royals', 'secured', 'their', 'first', 'win', 'of', 'IPL', '2025', 'with', 'Hasaranga', 'also', 'playing', 'a', 'big', 'part']","['PROPN', 'PROPN', 'VERB', 'PRON', 'ADJ', 'NOUN', 'ADP', 'PROPN', 'NUM', 'ADP', 'PROPN', 'ADV', 'VERB', 'DET', 'ADJ', 'NOUN']","['TEAM', 'TEAM', 'RESULT', 'O', 'O', 'RESULT', 'O', 'TOURNAMENT', 'TOURNAMENT', 'O', 'PLAYER', 'O', 'O', 'O', 'O', 'O']","['compound', 'nsubj', 'ROOT', 'poss', 'amod', 'dobj', 'prep', 'pobj', 'nummod', 'prep', 'pobj', 'advmod', 'advcl', 'det', 'amod', 'dobj']"
23,M12,Rookies Ashwani and Rickelton lead MI to first win,Headline,ESPNCricinfo,"['Rookies', 'Ashwani', 'and', 'Rickelton', 'lead', 'MI', 'to', 'first', 'win']","['NOUN', 'PROPN', 'CCONJ', 'PROPN', 'VERB', 'PROPN', 'ADP', 'ADJ', 'NOUN']","['ROLE', 'PLAYER', 'O', 'PLAYER', 'O', 'TEAM', 'O', 'O', 'RESULT']","['compound', 'nsubj', 'cc', 'conj', 'ROOT', 'dobj', 'prep', 'amod', 'pobj']"
24,M12,"Ashwani's 4 for 24 was the best figures by an Indian on IPL debut, as MI extended their record against KKR at Wankhede to 10-2",Summary,ESPNCricinfo,"['Ashwani', ""'s"", '4', 'for', '24', 'was', 'the', 'best', 'figures', 'by', 'an', 'Indian', 'on', 'IPL', 'debut', ',', 'as', 'MI', 'extended', 'their', 'record', 'against', 'KKR', 'at', 'Wankhede', 'to', '10', '-', '2']","['PROPN', 'PART', 'NUM', 'ADP', 'NUM', 'AUX', 'DET', 'ADJ', 'NOUN', 'ADP', 'DET', 'PROPN', 'ADP', 'PROPN', 'NOUN', 'PUNCT', 'SCONJ', 'PROPN', 'VERB', 'PRON', 'NOUN', 'ADP', 'PROPN', 'ADP', 'PROPN', 'ADP', 'NUM', 'SYM', 'NUM']","['PLAYER', 'O', 'WICKET', 'WICKET', 'WICKET', 'O', 'O', 'O', 'O', 'O', 'O', 'O', 'O', 'TOURNAMENT', 'O', 'O', 'O', 'TEAM', 'O', 'O', 'O', 'O', 'TEAM', 'O', 'VENUE', 'O', 'O', 'O', 'O']","['poss', 'case', 'nsubj', 'prep', 'pobj', 'ROOT', 'det', 'amod', 'attr', 'prep', 'det', 'pobj', 'prep', 'compound', 'pobj', 'punct', 'mark', 'nsubj', 'advcl', 'poss', 'dobj', 'prep', 'pobj', 'prep', 'pobj', 'prep', 'pobj', 'punct', 'prep']"
25,M13,Prabhsimran and Iyer see LSG off with ease,Headline,ESPNCricinfo,"['Prabhsimran', 'and', 'Iyer', 'see', 'LSG', 'off', 'with', 'ease']","['PROPN', 'CCONJ', 'PROPN', 'VERB', 'PROPN', 'ADP', 'ADP', 'NOUN']","['PLAYER', 'O', 'PLAYER', 'O', 'TEAM', 'RESULT', 'O', 'O']","['nsubj', 'cc', 'conj', 'ROOT', 'dobj', 'prt', 'prep', 'pobj']"
26,M13,Punjab Kings secured their second win in two matches having restricted their opponents to 171,Summary,ESPNCricinfo,"['Punjab', 'Kings', 'secured', 'their', 'second', 'win', 'in', 'two', 'matches', 'having', 'restricted', 'their', 'opponents', 'to', '171']","['PROPN', 'NOUN', 'VERB', 'PRON', 'ADJ', 'NOUN', 'ADP', 'NUM', 'NOUN', 'AUX', 'VERB', 'PRON', 'NOUN', 'ADP', 'NUM']","['TEAM', 'TEAM', 'O', 'O', 'O', 'RESULT', 'O', 'O', 'O', 'O', 'O', 'O', 'O', 'O', 'SCORE']","['compound', 'nsubj', 'ROOT', 'poss', 'amod', 'dobj', 'prep', 'nummod', 'pobj', 'aux', 'advcl', 'poss', 'dobj', 'prep', 'pobj']"
27,M14,Buttler 73* leads GT past RCB after Siraj derails former team,Headline,ESPNCricinfo,"['Buttler', '73*', 'leads', 'GT', 'past', 'RCB', 'after', 'Siraj', 'derails', 'former', 'team']","['PROPN', 'NUM', 'VERB', 'PROPN', 'ADP', 'PROPN', 'SCONJ', 'PROPN', 'VERB', 'ADJ', 'NOUN']","['PLAYER', 'SCORE', 'O', 'TEAM', 'RESULT', 'TEAM', 'O', 'PLAYER', 'O', 'O', 'O']","['nsubj', 'nummod', 'ROOT', 'dobj', 'prep', 'pobj', 'mark', 'nsubj', 'advcl', 'amod', 'dobj']"
28,M14,"Livingstone fifty, and cameos from Jitesh and David, took hosts from 42 for 4 to 169, but it wasn't enough",Summary,ESPNCricinfo,"['Livingstone', 'fifty', ',', 'and', 'cameos', 'from', 'Jitesh', 'and', 'David', ',', 'took', 'hosts', 'from', '42', 'for', '4', 'to', '169', ',', 'but', 'it', 'was', ""n't"", 'enough']","['PROPN', 'NUM', 'PUNCT', 'CCONJ', 'NOUN', 'ADP', 'PROPN', 'CCONJ', 'PROPN', 'PUNCT', 'VERB', 'NOUN', 'ADP', 'NUM', 'ADP', 'NUM', 'PART', 'NUM', 'PUNCT', 'CCONJ', 'PRON', 'AUX', 'PART', 'ADJ']","['PLAYER', 'SCORE', 'O', 'O', 'O', 'O', 'PLAYER', 'O', 'PLAYER', 'O', 'O', 'O', 'O', 'SCORE', 'O', 'WICKET', 'O', 'SCORE', 'O', 'O', 'O', 'O', 'O', 'RESULT']","['compound', 'nsubj', 'punct', 'cc', 'conj', 'prep', 'pobj', 'cc', 'conj', 'punct', 'ROOT', 'dobj', 'prep', 'pobj', 'prep', 'quantmod', 'quantmod', 'pobj', 'punct', 'cc', 'nsubj', 'conj', 'neg', 'attr']"
29,M15,Venkatesh and Arora consign SRH to their biggest-ever defeat,Headline,ESPNCricinfo,"['Venkatesh', 'and', 'Arora', 'consign', 'SRH', 'to', 'their', 'biggest-ever', 'defeat']","['PROPN', 'CCONJ', 'PROPN', 'VERB', 'PROPN', 'ADP', 'PRON', 'ADJ', 'NOUN']","['PLAYER', 'O', 'PLAYER', 'O', 'TEAM', 'O', 'O', 'O', 'RESULT']","['nsubj', 'cc', 'conj', 'ROOT', 'dobj', 'prep', 'poss', 'amod', 'dobj']"
30,M15,KKR's batters built steam gradually to post a challenging 200 for 6 before Arora led a new-ball effort that demolished SRH's top three in 13 balls,Summary,ESPNCricinfo,"['KKR', ""'s"", 'batters', 'built', 'steam', 'gradually', 'to', 'post', 'a', 'challenging', '200', 'for', '6', 'before', 'Arora', 'led', 'a', 'new-ball', 'effort', 'that', 'demolished', 'SRH', ""'s"", 'top', 'three', 'in', '13', 'balls']","['PROPN', 'PART', 'NOUN', 'VERB', 'NOUN', 'ADV', 'PART', 'VERB', 'DET', 'ADJ', 'NUM', 'ADP', 'NUM', 'SCONJ', 'PROPN', 'VERB', 'DET', 'ADJ', 'NOUN', 'PRON', 'VERB', 'PROPN', 'PART', 'ADJ', 'NUM', 'ADP', 'NUM', 'NOUN']","['TEAM', 'O', 'ROLE', 'O', 'O', 'O', 'O', 'O', 'O', 'O', 'SCORE', 'O', 'WICKET', 'O', 'PLAYER', 'O', 'O', 'O', 'O', 'O', 'O', 'TEAM', 'O', 'O', 'WICKET', 'O', 'O', 'O']","['poss', 'case', 'nsubj', 'ROOT', 'dobj', 'advmod', 'aux', 'advcl', 'det', 'amod', 'dobj', 'prep', 'amod', 'advcl', 'det', 'amod', 'punct', 'compound', 'dobj', 'nsubj', 'relcl', 'poss', 'case', 'amod', 'dobj', 'prep', 'nummod', 'pobj']"
31,M16,Hardik heroics in vain as LSG go 6-1 up vs MI,Headline,ESPNCricinfo,"['Hardik', 'heroics', 'in', 'vain', 'as', 'LSG', 'go', '6', '-', '1', 'up', 'vs', 'MI']","['PROPN', 'NOUN', 'ADP', 'ADJ', 'SCONJ', 'PROPN', 'VERB', 'NUM', 'SYM', 'NUM', 'ADV', 'ADP', 'PROPN']","['O', 'O', 'O', 'O', 'O', 'O', 'O', 'O', 'O', 'O', 'O', 'O', 'O']","['compound', 'ROOT', 'prep', 'pobj', 'mark', 'nsubj', 'advcl', 'npadvmod', 'punct', 'prep', 'advmod', 'prep', 'pobj']"
32,M16,"Marsh and Markram set up LSG's total of 203, before Thakur and Avesh executed with the ball under pressure",Summary,ESPNCricinfo,"['Marsh', 'and', 'Markram', 'set', 'up', 'LSG', ""'s"", 'total', 'of', '203', ',', 'before', 'Thakur', 'and', 'Avesh', 'executed', 'with', 'the', 'ball', 'under', 'pressure']","['PROPN', 'CCONJ', 'PROPN', 'VERB', 'ADP', 'PROPN', 'PART', 'NOUN', 'ADP', 'NUM', 'PUNCT', 'SCONJ', 'PROPN', 'CCONJ', 'PROPN', 'VERB', 'ADP', 'DET', 'NOUN', 'ADP', 'NOUN']","['O', 'O', 'O', 'O', 'O', 'O', 'O', 'O', 'O', 'O', 'O', 'O', 'O', 'O', 'O', 'O', 'O', 'O', 'O', 'O', 'O']","['nsubj', 'cc', 'conj', 'ROOT', 'prt', 'poss', 'case', 'dobj', 'prep', 'pobj', 'punct', 'mark', 'nsubj', 'cc', 'conj', 'advcl', 'prep', 'det', 'pobj', 'prep', 'pobj']"
33,M17,KL Rahul shines as DC outclass CSK in Chennai,Headline,ESPNCricinfo,"['KL', 'Rahul', 'shines', 'as', 'DC', 'outclass', 'CSK', 'in', 'Chennai']","['PROPN', 'PROPN', 'VERB', 'ADP', 'PROPN', 'NOUN', 'PROPN', 'ADP', 'PROPN']","['O', 'O', 'O', 'O', 'O', 'O', 'O', 'O', 'O']","['compound', 'nsubj', 'ROOT', 'prep', 'compound', 'compound', 'pobj', 'prep', 'pobj']"
34,M17,"DC, who hadn't tasted victory against CSK at Chepauk in 15 years, were able to utterly dominate them",Summary,ESPNCricinfo,"['DC', ',', 'who', 'had', ""n't"", 'tasted', 'victory', 'against', 'CSK', 'at', 'Chepauk', 'in', '15', 'years', ',', 'were', 'able', 'to', 'utterly', 'dominate', 'them']","['PROPN', 'PUNCT', 'PRON', 'AUX', 'PART', 'VERB', 'NOUN', 'ADP', 'PROPN', 'ADP', 'PROPN', 'ADP', 'NUM', 'NOUN', 'PUNCT', 'AUX', 'ADJ', 'PART', 'ADV', 'VERB', 'PRON']","['O', 'O', 'O', 'O', 'O', 'O', 'O', 'O', 'O', 'O', 'O', 'O', 'O', 'O', 'O', 'O', 'O', 'O', 'O', 'O', 'O']","['nsubj', 'punct', 'nsubj', 'aux', 'neg', 'relcl', 'dobj', 'prep', 'pobj', 'prep', 'pobj', 'prep', 'nummod', 'pobj', 'punct', 'ROOT', 'acomp', 'aux', 'advmod', 'xcomp', 'dobj']"
35,M18,Archer leads PBKS demolition job after Jaiswal & Co set the platform for Royals,Headline,ESPNCricinfo,"['Archer', 'leads', 'PBKS', 'demolition', 'job', 'after', 'Jaiswal', '&', 'Co', 'set', 'the', 'platform', 'for', 'Royals']","['PROPN', 'VERB', 'PROPN', 'NOUN', 'NOUN', 'SCONJ', 'PROPN', 'CCONJ', 'PROPN', 'VERB', 'DET', 'NOUN', 'ADP', 'NOUN']","['O', 'O', 'O', 'O', 'O', 'O', 'O', 'O', 'O', 'O', 'O', 'O', 'O', 'O']","['nsubj', 'ROOT', 'compound', 'compound', 'dobj', 'mark', 'nsubj', 'cc', 'conj', 'advcl', 'det', 'dobj', 'prep', 'pobj']"
36,M18,"It looked like an ideal game for Royals, first posting a 200-plus total and then almost all their bowlers combining for a comprehensive win",Summary,ESPNCricinfo,"['It', 'looked', 'like', 'an', 'ideal', 'game', 'for', 'Royals', ',', 'first', 'posting', 'a', '200', '-', 'plus', 'total', 'and', 'then', 'almost', 'all', 'their', 'bowlers', 'combining', 'for', 'a', 'comprehensive', 'win']","['PRON', 'VERB', 'ADP', 'DET', 'ADJ', 'NOUN', 'ADP', 'NOUN', 'PUNCT', 'ADV', 'VERB', 'DET', 'NUM', 'PUNCT', 'CCONJ', 'NOUN', 'CCONJ', 'ADV', 'ADV', 'DET', 'PRON', 'NOUN', 'VERB', 'ADP', 'DET', 'ADJ', 'NOUN']","['O', 'O', 'O', 'O', 'O', 'O', 'O', 'O', 'O', 'O', 'O', 'O', 'O', 'O', 'O', 'O', 'O', 'O', 'O', 'O', 'O', 'O', 'O', 'O', 'O', 'O', 'O']","['nsubj', 'ROOT', 'prep', 'det', 'amod', 'pobj', 'prep', 'pobj', 'punct', 'advmod', 'advcl', 'det', 'nummod', 'punct', 'cc', 'dobj', 'cc', 'advmod', 'advmod', 'predet', 'poss', 'conj', 'acl', 'prep', 'det', 'amod', 'pobj']"
37,M19,"Siraj, Gill and Washington hand Sunrisers fourth successive defeat",Headline,ESPNCricinfo,"['Siraj', ',', 'Gill', 'and', 'Washington', 'hand', 'Sunrisers', 'fourth', 'successive', 'defeat']","['PROPN', 'PUNCT', 'PROPN', 'CCONJ', 'PROPN', 'VERB', 'PROPN', 'ADJ', 'ADJ', 'NOUN']","['O', 'O', 'O', 'O', 'O', 'O', 'O', 'O', 'O', 'O']","['nsubj', 'punct', 'conj', 'cc', 'conj', 'ROOT', 'dative', 'amod', 'amod', 'dobj']"
38,M19,It was another batting malfunction from SRH as local boy Siraj ran through them,Summary,ESPNCricinfo,"['It', 'was', 'another', 'batting', 'malfunction', 'from', 'SRH', 'as', 'local', 'boy', 'Siraj', 'ran', 'through', 'them']","['PRON', 'AUX', 'DET', 'NOUN', 'NOUN', 'ADP', 'PROPN', 'ADP', 'ADJ', 'NOUN', 'PROPN', 'VERB', 'ADP', 'PRON']","['O', 'O', 'O', 'O', 'O', 'O', 'O', 'O', 'O', 'O', 'O', 'O', 'O', 'O']","['nsubj', 'ROOT', 'det', 'compound', 'attr', 'prep', 'pobj', 'prep', 'amod', 'pobj', 'appos', 'ccomp', 'prep', 'pobj']"
39,M20,"Kohli, Patidar and Krunal star as RCB end ten-year Wankhede jinx",Headline,ESPNCricinfo,"['Kohli', ',', 'Patidar', 'and', 'Krunal', 'star', 'as', 'RCB', 'end', 'ten', '-', 'year', 'Wankhede', 'jinx']","['PROPN', 'PUNCT', 'PROPN', 'CCONJ', 'PROPN', 'NOUN', 'SCONJ', 'PROPN', 'NOUN', 'NUM', 'PUNCT', 'NOUN', 'PROPN', 'NOUN']","['O', 'O', 'O', 'O', 'O', 'O', 'O', 'O', 'O', 'O', 'O', 'O', 'O', 'O']","['nmod', 'punct', 'nmod', 'cc', 'conj', 'ROOT', 'mark', 'nsubj', 'advcl', 'nummod', 'punct', 'compound', 'compound', 'dobj']"
40,M20,"Despite scoring 221, the win didn't come easy for RCB with Hardik and Tilak giving them a scare, but Krunal kept his calm",Summary,ESPNCricinfo,"['Despite', 'scoring', '221', ',', 'the', 'win', 'did', ""n't"", 'come', 'easy', 'for', 'RCB', 'with', 'Hardik', 'and', 'Tilak', 'giving', 'them', 'a', 'scare', ',', 'but', 'Krunal', 'kept', 'his', 'calm']","['SCONJ', 'VERB', 'NUM', 'PUNCT', 'DET', 'NOUN', 'AUX', 'PART', 'VERB', 'ADJ', 'SCONJ', 'PROPN', 'ADP', 'PROPN', 'CCONJ', 'PROPN', 'VERB', 'PRON', 'DET', 'NOUN', 'PUNCT', 'CCONJ', 'PROPN', 'VERB', 'PRON', 'NOUN']","['O', 'O', 'O', 'O', 'O', 'O', 'O', 'O', 'O', 'O', 'O', 'O', 'O', 'O', 'O', 'O', 'O', 'O', 'O', 'O', 'O', 'O', 'O', 'O', 'O', 'O']","['prep', 'pcomp', 'dobj', 'punct', 'det', 'nsubj', 'aux', 'neg', 'ROOT', 'acomp', 'mark', 'nsubj', 'prep', 'pobj', 'cc', 'conj', 'advcl', 'dative', 'det', 'dobj', 'punct', 'cc', 'nsubj', 'conj', 'poss', 'dobj']"
41,M21,"Marsh, Pooran outgun KKR in high-scoring thriller",Headline,ESPNCricinfo,"['Marsh', ',', 'Pooran', 'outgun', 'KKR', 'in', 'high', '-', 'scoring', 'thriller']","['PROPN', 'PUNCT', 'PROPN', 'NOUN', 'PROPN', 'ADP', 'ADJ', 'PUNCT', 'NOUN', 'NOUN']","['O', 'O', 'O', 'O', 'O', 'O', 'O', 'O', 'O', 'O']","['advcl', 'punct', 'nsubj', 'ROOT', 'dobj', 'prep', 'amod', 'punct', 'amod', 'pobj']"
42,M21,LSG conceded 90 in the powerplay during the 239 chase before inducing a collapse of 5 for 33 to beat the hosts,Summary,ESPNCricinfo,"['LSG', 'conceded', '90', 'in', 'the', 'powerplay', 'during', 'the', '239', 'chase', 'before', 'inducing', 'a', 'collapse', 'of', '5', 'for', '33', 'to', 'beat', 'the', 'hosts']","['PROPN', 'VERB', 'NUM', 'ADP', 'DET', 'NOUN', 'ADP', 'DET', 'NUM', 'NOUN', 'ADP', 'VERB', 'DET', 'NOUN', 'ADP', 'NUM', 'SCONJ', 'NUM', 'PART', 'VERB', 'DET', 'NOUN']","['O', 'O', 'O', 'O', 'O', 'O', 'O', 'O', 'O', 'O', 'O', 'O', 'O', 'O', 'O', 'O', 'O', 'O', 'O', 'O', 'O', 'O']","['nsubj', 'ROOT', 'dobj', 'prep', 'det', 'pobj', 'prep', 'det', 'nummod', 'pobj', 'prep', 'pcomp', 'det', 'dobj', 'prep', 'pobj', 'mark', 'nsubj', 'aux', 'advcl', 'det', 'dobj']"
43,M22,Arya's blazing 103 off 42 balls consigns CSK to fourth successive defeat,Headline,ESPNCricinfo,"['Arya', ""'s"", 'blazing', '103', 'off', '42', 'balls', 'consigns', 'CSK', 'to', 'fourth', 'successive', 'defeat']","['PROPN', 'PART', 'VERB', 'NUM', 'ADV', 'NUM', 'NOUN', 'VERB', 'PROPN', 'ADP', 'ADJ', 'ADJ', 'NOUN']","['O', 'O', 'O', 'O', 'O', 'O', 'O', 'O', 'O', 'O', 'O', 'O', 'O']","['nsubj', 'case', 'acl', 'dobj', 'prep', 'nummod', 'pobj', 'ROOT', 'dobj', 'prep', 'amod', 'amod', 'pobj']"
44,M22,CSK dropped five catches before failing to chase another 180-plus target,Summary,ESPNCricinfo,"['CSK', 'dropped', 'five', 'catches', 'before', 'failing', 'to', 'chase', 'another', '180', '-', 'plus', 'target']","['PROPN', 'VERB', 'NUM', 'NOUN', 'ADP', 'VERB', 'PART', 'VERB', 'DET', 'NUM', 'PUNCT', 'CCONJ', 'NOUN']","['O', 'O', 'O', 'O', 'O', 'O', 'O', 'O', 'O', 'O', 'O', 'O', 'O']","['nsubj', 'ROOT', 'nummod', 'dobj', 'prep', 'pcomp', 'aux', 'xcomp', 'det', 'nummod', 'punct', 'quantmod', 'dobj']"
45,M23,Sai Sudharsan and Prasidh lead GT to the top of the IPL table,Headline,ESPNCricinfo,"['Sai', 'Sudharsan', 'and', 'Prasidh', 'lead', 'GT', 'to', 'the', 'top', 'of', 'the', 'IPL', 'table']","['PROPN', 'PROPN', 'CCONJ', 'PROPN', 'VERB', 'PROPN', 'ADP', 'DET', 'NOUN', 'ADP', 'DET', 'PROPN', 'NOUN']","['O', 'O', 'O', 'O', 'O', 'O', 'O', 'O', 'O', 'O', 'O', 'O', 'O']","['compound', 'nsubj', 'cc', 'conj', 'ROOT', 'dobj', 'prep', 'det', 'pobj', 'prep', 'det', 'compound', 'pobj']"
46,M23,They posted 217 and defended it with aplomb in dew-free conditions in Ahmedabad despite a fighting fifty from Hetmyer,Summary,ESPNCricinfo,"['They', 'posted', '217', 'and', 'defended', 'it', 'with', 'aplomb', 'in', 'dew', '-', 'free', 'conditions', 'in', 'Ahmedabad', 'despite', 'a', 'fighting', 'fifty', 'from', 'Hetmyer']","['PRON', 'VERB', 'NUM', 'CCONJ', 'VERB', 'PRON', 'ADP', 'NOUN', 'ADP', 'NOUN', 'PUNCT', 'ADJ', 'NOUN', 'ADP', 'PROPN', 'SCONJ', 'DET', 'NOUN', 'NUM', 'ADP', 'PROPN']","['O', 'O', 'O', 'O', 'O', 'O', 'O', 'O', 'O', 'O', 'O', 'O', 'O', 'O', 'O', 'O', 'O', 'O', 'O', 'O', 'O']","['nsubj', 'ROOT', 'dobj', 'cc', 'conj', 'dobj', 'prep', 'pobj', 'prep', 'npadvmod', 'punct', 'amod', 'pobj', 'prep', 'pobj', 'prep', 'det', 'amod', 'pobj', 'prep', 'pobj']"
47,M24,KL Rahul hands RCB another loss in Bengaluru,Headline,ESPNCricinfo,"['KL', 'Rahul', 'hands', 'RCB', 'another', 'loss', 'in', 'Bengaluru']","['PROPN', 'PROPN', 'VERB', 'PROPN', 'DET', 'NOUN', 'ADP', 'PROPN']","['O', 'O', 'O', 'O', 'O', 'O', 'O', 'O']","['compound', 'nsubj', 'ROOT', 'dobj', 'det', 'dobj', 'prep', 'pobj']"
48,M24,"After being restricted to 163 for 7, RCB's bowlers brought them back in the game, only to be denied by the local lad",Summary,ESPNCricinfo,"['After', 'being', 'restricted', 'to', '163', 'for', '7', ',', 'RCB', ""'s"", 'bowlers', 'brought', 'them', 'back', 'in', 'the', 'game', ',', 'only', 'to', 'be', 'denied', 'by', 'the', 'local', 'lad']","['ADP', 'AUX', 'VERB', 'ADP', 'NUM', 'ADP', 'NUM', 'PUNCT', 'PROPN', 'PART', 'NOUN', 'VERB', 'PRON', 'ADV', 'ADP', 'DET', 'NOUN', 'PUNCT', 'ADV', 'PART', 'AUX', 'VERB', 'ADP', 'DET', 'ADJ', 'NOUN']","['O', 'O', 'O', 'O', 'O', 'O', 'O', 'O', 'O', 'O', 'O', 'O', 'O', 'O', 'O', 'O', 'O', 'O', 'O', 'O', 'O', 'O', 'O', 'O', 'O', 'O']","['prep', 'auxpass', 'pcomp', 'prep', 'pobj', 'prep', 'pobj', 'punct', 'poss', 'case', 'nsubj', 'ROOT', 'dobj', 'advmod', 'prep', 'det', 'pobj', 'punct', 'advmod', 'aux', 'auxpass', 'advcl', 'agent', 'det', 'amod', 'pobj']"
49,M25,CSK suffer fifth loss on the trot as KKR register monster win,Headline,ESPNCricinfo,"['CSK', 'suffer', 'fifth', 'loss', 'on', 'the', 'trot', 'as', 'KKR', 'register', 'monster', 'win']","['PROPN', 'VERB', 'ADJ', 'NOUN', 'ADP', 'DET', 'NOUN', 'SCONJ', 'PROPN', 'VERB', 'NOUN', 'NOUN']","['O', 'O', 'O', 'O', 'O', 'O', 'O', 'O', 'O', 'O', 'O', 'O']","['nsubj', 'ROOT', 'amod', 'dobj', 'prep', 'det', 'pobj', 'mark', 'nsubj', 'advcl', 'compound', 'dobj']"
50,M25,"Batting first, CSK could manage only 103 for 9, their lowest total at Chepauk",Summary,ESPNCricinfo,"['Batting', 'first', ',', 'CSK', 'could', 'manage', 'only', '103', 'for', '9', ',', 'their', 'lowest', 'total', 'at', 'Chepauk']","['NOUN', 'ADV', 'PUNCT', 'PROPN', 'AUX', 'VERB', 'ADV', 'NUM', 'ADP', 'NUM', 'PUNCT', 'PRON', 'ADJ', 'NOUN', 'ADP', 'PROPN']","['O', 'O', 'O', 'O', 'O', 'O', 'O', 'O', 'O', 'O', 'O', 'O', 'O', 'O', 'O', 'O']","['advcl', 'advmod', 'punct', 'nsubj', 'aux', 'ROOT', 'advmod', 'dobj', 'prep', 'pobj', 'punct', 'poss', 'amod', 'dobj', 'prep', 'pobj']"
51,M26,Markram and Pooran end Gujarat Titans' winning streak,Headline,ESPNCricinfo,"['Markram', 'and', 'Pooran', 'end', 'Gujarat', 'Titans', ""'"", 'winning', 'streak']","['PROPN', 'CCONJ', 'PROPN', 'NOUN', 'PROPN', 'PROPN', 'PART', 'VERB', 'NOUN']","['O', 'O', 'O', 'O', 'O', 'O', 'O', 'O', 'O']","['nmod', 'cc', 'conj', 'compound', 'compound', 'poss', 'case', 'amod', 'ROOT']"
52,M26,A target of 181 was too little against the might of the Lucknow Super Giants batting line-up,Summary,ESPNCricinfo,"['A', 'target', 'of', '181', 'was', 'too', 'little', 'against', 'the', 'might', 'of', 'the', 'Lucknow', 'Super', 'Giants', 'batting', 'line', '-', 'up']","['DET', 'NOUN', 'ADP', 'NUM', 'AUX', 'ADV', 'ADJ', 'ADP', 'DET', 'NOUN', 'ADP', 'DET', 'PROPN', 'PROPN', 'PROPN', 'NOUN', 'NOUN', 'PUNCT', 'NOUN']","['O', 'O', 'O', 'O', 'O', 'O', 'O', 'O', 'O', 'O', 'O', 'O', 'O', 'O', 'O', 'O', 'O', 'O', 'O']","['det', 'nsubj', 'prep', 'pobj', 'ROOT', 'advmod', 'acomp', 'prep', 'det', 'pobj', 'prep', 'det', 'compound', 'compound', 'compound', 'compound', 'compound', 'punct', 'pobj']"
53,M27,Abhishek Sharma's whirlwind 141 leads SRH to second-highest IPL chase,Headline,ESPNCricinfo,"['Abhishek', 'Sharma', ""'s"", 'whirlwind', '141', 'leads', 'SRH', 'to', 'second', '-', 'highest', 'IPL', 'chase']","['PROPN', 'PROPN', 'PART', 'NOUN', 'NUM', 'VERB', 'PROPN', 'ADP', 'ADV', 'PUNCT', 'ADJ', 'PROPN', 'NOUN']","['O', 'O', 'O', 'O', 'O', 'O', 'O', 'O', 'O', 'O', 'O', 'O', 'O']","['compound', 'poss', 'case', 'nsubj', 'nummod', 'ROOT', 'dobj', 'prep', 'advmod', 'punct', 'amod', 'compound', 'pobj']"
54,M27,Travishek finally clicked this season and effortlessly chased down 246 in Hyderabad,Summary,ESPNCricinfo,"['Travishek', 'finally', 'clicked', 'this', 'season', 'and', 'effortlessly', 'chased', 'down', '246', 'in', 'Hyderabad']","['PROPN', 'ADV', 'VERB', 'DET', 'NOUN', 'CCONJ', 'ADV', 'VERB', 'ADV', 'NUM', 'ADP', 'PROPN']","['O', 'O', 'O', 'O', 'O', 'O', 'O', 'O', 'O', 'O', 'O', 'O']","['nsubj', 'advmod', 'ROOT', 'det', 'dobj', 'cc', 'advmod', 'conj', 'advmod', 'dobj', 'prep', 'pobj']"
55,M28,RCB extend winning run away from home as Kohli and Salt sink Royals,Headline,ESPNCricinfo,"['RCB', 'extend', 'winning', 'run', 'away', 'from', 'home', 'as', 'Kohli', 'and', 'Salt', 'sink', 'Royals']","['PROPN', 'VERB', 'VERB', 'VERB', 'ADV', 'ADP', 'NOUN', 'ADP', 'PROPN', 'CCONJ', 'PROPN', 'NOUN', 'NOUN']","['O', 'O', 'O', 'O', 'O', 'O', 'O', 'O', 'O', 'O', 'O', 'O', 'O']","['nsubj', 'amod', 'ROOT', 'dobj', 'advmod', 'prep', 'pobj', 'prep', 'pobj', 'cc', 'compound', 'compound', 'conj']"
56,M28,"Yashasvi Jaiswal put on a clinic, smashing 75 of his team's 173, but that total was never going to be enough",Summary,ESPNCricinfo,"['Yashasvi', 'Jaiswal', 'put', 'on', 'a', 'clinic', ',', 'smashing', '75', 'of', 'his', 'team', ""'s"", '173', ',', 'but', 'that', 'total', 'was', 'never', 'going', 'to', 'be', 'enough']","['PROPN', 'PROPN', 'VERB', 'ADP', 'DET', 'NOUN', 'PUNCT', 'VERB', 'NUM', 'ADP', 'PRON', 'NOUN', 'PART', 'NUM', 'PUNCT', 'CCONJ', 'DET', 'NOUN', 'AUX', 'ADV', 'VERB', 'PART', 'AUX', 'ADJ']","['O', 'O', 'O', 'O', 'O', 'O', 'O', 'O', 'O', 'O', 'O', 'O', 'O', 'O', 'O', 'O', 'O', 'O', 'O', 'O', 'O', 'O', 'O', 'O']","['compound', 'nsubj', 'ROOT', 'prt', 'det', 'dobj', 'punct', 'advcl', 'dobj', 'prep', 'poss', 'poss', 'case', 'pobj', 'punct', 'cc', 'det', 'nsubj', 'aux', 'neg', 'conj', 'aux', 'xcomp', 'acomp']"
57,M29,Mumbai Indians clinch thriller to end Delhi Capitals' unbeaten streak,Headline,ESPNCricinfo,"['Mumbai', 'Indians', 'clinch', 'thriller', 'to', 'end', 'Delhi', 'Capitals', ""'"", 'unbeaten', 'streak']","['PROPN', 'PROPN', 'VERB', 'NOUN', 'PART', 'VERB', 'PROPN', 'PROPN', 'PART', 'ADJ', 'NOUN']","['O', 'O', 'O', 'O', 'O', 'O', 'O', 'O', 'O', 'O', 'O']","['compound', 'nsubj', 'ROOT', 'dobj', 'aux', 'advcl', 'compound', 'poss', 'case', 'amod', 'dobj']"
58,M29,Karun Nair's comeback knock went in vain as DC imploded to lose by 12 runs,Summary,ESPNCricinfo,"['Karun', 'Nair', ""'s"", 'comeback', 'knock', 'went', 'in', 'vain', 'as', 'DC', 'imploded', 'to', 'lose', 'by', '12', 'runs']","['PROPN', 'PROPN', 'PART', 'NOUN', 'NOUN', 'VERB', 'ADP', 'NOUN', 'SCONJ', 'PROPN', 'VERB', 'PART', 'VERB', 'ADP', 'NUM', 'NOUN']","['O', 'O', 'O', 'O', 'O', 'O', 'O', 'O', 'O', 'O', 'O', 'O', 'O', 'O', 'O', 'O']","['compound', 'poss', 'case', 'compound', 'nsubj', 'ROOT', 'prep', 'npadvmod', 'mark', 'nsubj', 'advcl', 'aux', 'xcomp', 'prep', 'nummod', 'pobj']"
59,M30,"Dhoni, Noor and Jadeja snap CSK's losing streak",Headline,ESPNCricinfo,"['Dhoni', ',', 'Noor', 'and', 'Jadeja', 'snap', 'CSK', ""'s"", 'losing', 'streak']","['PROPN', 'PUNCT', 'PROPN', 'CCONJ', 'PROPN', 'VERB', 'PROPN', 'PART', 'NOUN', 'NOUN']","['O', 'O', 'O', 'O', 'O', 'O', 'O', 'O', 'O', 'O']","['nsubj', 'punct', 'conj', 'cc', 'conj', 'ROOT', 'poss', 'case', 'amod', 'dobj']"
60,M30,Dhoni and Dube came together during a tricky situation to put up a match-winning 57-run stand,Summary,ESPNCricinfo,"['Dhoni', 'and', 'Dube', 'came', 'together', 'during', 'a', 'tricky', 'situation', 'to', 'put', 'up', 'a', 'match', '-', 'winning', '57', '-', 'run', 'stand']","['PROPN', 'CCONJ', 'PROPN', 'VERB', 'ADV', 'ADP', 'DET', 'ADJ', 'NOUN', 'PART', 'VERB', 'ADP', 'DET', 'NOUN', 'PUNCT', 'VERB', 'NUM', 'PUNCT', 'NOUN', 'NOUN']","['O', 'O', 'O', 'O', 'O', 'O', 'O', 'O', 'O', 'O', 'O', 'O', 'O', 'O', 'O', 'O', 'O', 'O', 'O', 'O']","['nsubj', 'cc', 'conj', 'ROOT', 'advmod', 'prep', 'det', 'amod', 'pobj', 'aux', 'advcl', 'prt', 'det', 'npadvmod', 'punct', 'amod', 'nummod', 'punct', 'compound', 'dobj']"
61,M31,Chahal four-for stuns KKR as PBKS defend 111,Headline,ESPNCricinfo,"['Chahal', 'four', '-', 'for', 'stuns', 'KKR', 'as', 'PBKS', 'defend', '111']","['NOUN', 'NUM', 'PUNCT', 'ADP', 'NOUN', 'PROPN', 'SCONJ', 'PROPN', 'VERB', 'NUM']","['O', 'O', 'O', 'O', 'O', 'O', 'O', 'O', 'O', 'O']","['ROOT', 'nummod', 'punct', 'prep', 'dobj', 'appos', 'mark', 'nsubj', 'advcl', 'dobj']"
62,M31,"Chasing 112, KKR went from 62 for 2 to be bowled out for 95",Summary,ESPNCricinfo,"['Chasing', '112', ',', 'KKR', 'went', 'from', '62', 'for', '2', 'to', 'be', 'bowled', 'out', 'for', '95']","['VERB', 'NUM', 'PUNCT', 'PROPN', 'VERB', 'ADP', 'NUM', 'SCONJ', 'NUM', 'PART', 'AUX', 'VERB', 'ADP', 'ADP', 'NUM']","['O', 'O', 'O', 'O', 'O', 'O', 'O', 'O', 'O', 'O', 'O', 'O', 'O', 'O', 'O']","['advcl', 'dobj', 'punct', 'nsubj', 'ROOT', 'prep', 'pobj', 'mark', 'nsubjpass', 'aux', 'auxpass', 'advcl', 'prt', 'prep', 'pobj']"
63,M32,DC win an IPL classic in Delhi after Super Over drama,Headline,ESPNCricinfo,"['DC', 'win', 'an', 'IPL', 'classic', 'in', 'Delhi', 'after', 'Super', 'Over', 'drama']","['PROPN', 'VERB', 'DET', 'NOUN', 'NOUN', 'ADP', 'PROPN', 'ADP', 'PROPN', 'ADP', 'NOUN']","['O', 'O', 'O', 'O', 'O', 'O', 'O', 'O', 'O', 'O', 'O']","['nsubj', 'ROOT', 'det', 'compound', 'dobj', 'prep', 'pobj', 'prep', 'pobj', 'prep', 'pobj']"
64,M32,"With nine needed off the final over with six wickets in hand, RR seemed to have the edge, only for Mitchell Starc to turn the script around",Summary,ESPNCricinfo,"['With', 'nine', 'needed', 'off', 'the', 'final', 'over', 'with', 'six', 'wickets', 'in', 'hand', ',', 'RR', 'seemed', 'to', 'have', 'the', 'edge', ',', 'only', 'for', 'Mitchell', 'Starc', 'to', 'turn', 'the', 'script', 'around']","['ADP', 'NUM', 'VERB', 'ADP', 'DET', 'ADJ', 'ADV', 'ADP', 'NUM', 'NOUN', 'ADP', 'NOUN', 'PUNCT', 'PROPN', 'VERB', 'PART', 'VERB', 'DET', 'NOUN', 'PUNCT', 'ADV', 'SCONJ', 'PROPN', 'PROPN', 'PART', 'VERB', 'DET', 'NOUN', 'ADV']","['O', 'O', 'O', 'O', 'O', 'O', 'O', 'O', 'O', 'O', 'O', 'O', 'O', 'O', 'O', 'O', 'O', 'O', 'O', 'O', 'O', 'O', 'O', 'O', 'O', 'O', 'O', 'O', 'O']","['prep', 'pobj', 'acl', 'prt', 'det', 'pobj', 'prep', 'prep', 'nummod', 'pobj', 'prep', 'pobj', 'punct', 'nsubj', 'ROOT', 'aux', 'xcomp', 'det', 'dobj', 'punct', 'advmod', 'mark', 'compound', 'nsubj', 'aux', 'advcl', 'det', 'dobj', 'advmod']"
65,M33,MI's bowling tricks on slow pitch get them second straight win,Headline,ESPNCricinfo,"['MI', ""'s"", 'bowling', 'tricks', 'on', 'slow', 'pitch', 'get', 'them', 'second', 'straight', 'win']","['PROPN', 'PART', 'VERB', 'NOUN', 'ADP', 'ADJ', 'NOUN', 'VERB', 'PRON', 'ADJ', 'ADJ', 'NOUN']","['O', 'O', 'O', 'O', 'O', 'O', 'O', 'O', 'O', 'O', 'O', 'O']","['poss', 'case', 'amod', 'nsubj', 'prep', 'amod', 'pobj', 'ROOT', 'nsubj', 'ccomp', 'amod', 'dobj']"
66,M33,"Will Jacks' offspin, pace bowlers' yorkers restricted SRH before the hosts cruised home",Summary,ESPNCricinfo,"['Will', 'Jacks', ""'"", 'offspin', ',', 'pace', 'bowlers', ""'"", 'yorkers', 'restricted', 'SRH', 'before', 'the', 'hosts', 'cruised', 'home']","['AUX', 'NOUN', 'PART', 'NOUN', 'PUNCT', 'NOUN', 'NOUN', 'PART', 'NOUN', 'VERB', 'PROPN', 'SCONJ', 'DET', 'NOUN', 'VERB', 'NOUN']","['O', 'O', 'O', 'O', 'O', 'O', 'O', 'O', 'O', 'O', 'O', 'O', 'O', 'O', 'O', 'O']","['aux', 'poss', 'case', 'nsubj', 'punct', 'compound', 'poss', 'case', 'nsubj', 'ROOT', 'dobj', 'mark', 'det', 'nsubj', 'advcl', 'dobj']"
67,M34,"Chahal, Arshdeep and Wadhera hand RCB third successive defeat at home",Headline,ESPNCricinfo,"['Chahal', ',', 'Arshdeep', 'and', 'Wadhera', 'hand', 'RCB', 'third', 'successive', 'defeat', 'at', 'home']","['ADJ', 'PUNCT', 'PROPN', 'CCONJ', 'PROPN', 'NOUN', 'PROPN', 'ADJ', 'ADJ', 'NOUN', 'ADP', 'NOUN']","['O', 'O', 'O', 'O', 'O', 'O', 'O', 'O', 'O', 'O', 'O', 'O']","['nsubj', 'punct', 'conj', 'cc', 'conj', 'ROOT', 'nmod', 'amod', 'amod', 'dobj', 'prep', 'pobj']"
68,M34,"A bowler-friendly pitch, perhaps because of a little rain before the game, meant 14 wickets fell in 26.1 overs",Summary,ESPNCricinfo,"['A', 'bowler', '-', 'friendly', 'pitch', ',', 'perhaps', 'because', 'of', 'a', 'little', 'rain', 'before', 'the', 'game', ',', 'meant', '14', 'wickets', 'fell', 'in', '26.1', 'overs']","['DET', 'NOUN', 'PUNCT', 'ADJ', 'NOUN', 'PUNCT', 'ADV', 'SCONJ', 'ADP', 'DET', 'ADJ', 'NOUN', 'ADP', 'DET', 'NOUN', 'PUNCT', 'VERB', 'NUM', 'NOUN', 'VERB', 'ADP', 'NUM', 'NOUN']","['O', 'O', 'O', 'O', 'O', 'O', 'O', 'O', 'O', 'O', 'O', 'O', 'O', 'O', 'O', 'O', 'O', 'O', 'O', 'O', 'O', 'O', 'O']","['det', 'npadvmod', 'punct', 'amod', 'ROOT', 'punct', 'advmod', 'prep', 'pcomp', 'det', 'amod', 'pobj', 'prep', 'det', 'pobj', 'punct', 'acl', 'nummod', 'nsubj', 'ccomp', 'prep', 'nummod', 'pobj']"
69,M35,Buttler bosses the chase to power GT to No. 1,Headline,ESPNCricinfo,"['Buttler', 'bosses', 'the', 'chase', 'to', 'power', 'GT', 'to', 'No', '.', '1']","['PROPN', 'NOUN', 'DET', 'NOUN', 'ADP', 'NOUN', 'PROPN', 'ADP', 'NOUN', 'NOUN', 'NUM']","['O', 'O', 'O', 'O', 'O', 'O', 'O', 'O', 'O', 'O', 'O']","['compound', 'ROOT', 'det', 'dobj', 'prep', 'compound', 'pobj', 'prep', 'pobj', 'pobj', 'nummod']"
70,M35,"After keeping wicket for 20 overs on a hot afternoon, Buttler scored an unbeaten 97 off 54 balls",Summary,ESPNCricinfo,"['After', 'keeping', 'wicket', 'for', '20', 'overs', 'on', 'a', 'hot', 'afternoon', ',', 'Buttler', 'scored', 'an', 'unbeaten', '97', 'off', '54', 'balls']","['ADP', 'VERB', 'NOUN', 'ADP', 'NUM', 'NOUN', 'ADP', 'DET', 'ADJ', 'NOUN', 'PUNCT', 'PROPN', 'VERB', 'DET', 'ADJ', 'NUM', 'ADP', 'NUM', 'NOUN']","['O', 'O', 'O', 'O', 'O', 'O', 'O', 'O', 'O', 'O', 'O', 'O', 'O', 'O', 'O', 'O', 'O', 'O', 'O']","['prep', 'pcomp', 'acomp', 'prep', 'nummod', 'pobj', 'prep', 'det', 'amod', 'pobj', 'punct', 'nsubj', 'ROOT', 'det', 'amod', 'nummod', 'amod', 'nummod', 'dobj']"
71,M36,Ice-man Avesh holds his nerve as LSG edge past RR in last-over classic,Headline,ESPNCricinfo,"['Ice', '-', 'man', 'Avesh', 'holds', 'his', 'nerve', 'as', 'LSG', 'edge', 'past', 'RR', 'in', 'last', '-', 'over', 'classic']","['NOUN', 'PUNCT', 'NOUN', 'PROPN', 'VERB', 'PRON', 'NOUN', 'ADP', 'PROPN', 'NOUN', 'ADP', 'NOUN', 'ADP', 'ADJ', 'PUNCT', 'ADP', 'NOUN']","['O', 'O', 'O', 'O', 'O', 'O', 'O', 'O', 'O', 'O', 'O', 'O', 'O', 'O', 'O', 'O', 'O']","['compound', 'punct', 'compound', 'nsubj', 'ROOT', 'poss', 'dobj', 'prep', 'compound', 'pobj', 'prep', 'pobj', 'prep', 'amod', 'punct', 'amod', 'pobj']"
72,M36,"Needing to defend eight off the final over, Avesh nailed yorker after yorker to concede only six runs in the 20th over",Summary,ESPNCricinfo,"['Needing', 'to', 'defend', 'eight', 'off', 'the', 'final', 'over', ',', 'Avesh', 'nailed', 'yorker', 'after', 'yorker', 'to', 'concede', 'only', 'six', 'runs', 'in', 'the', '20th', 'over']","['VERB', 'PART', 'VERB', 'NUM', 'ADP', 'DET', 'ADJ', 'ADV', 'PUNCT', 'PROPN', 'VERB', 'PROPN', 'SCONJ', 'PROPN', 'PART', 'VERB', 'ADV', 'NUM', 'NOUN', 'ADP', 'DET', 'NOUN', 'ADV']","['O', 'O', 'O', 'O', 'O', 'O', 'O', 'O', 'O', 'O', 'O', 'O', 'O', 'O', 'O', 'O', 'O', 'O', 'O', 'O', 'O', 'O', 'O']","['advcl', 'aux', 'xcomp', 'dobj', 'prep', 'det', 'amod', 'prep', 'punct', 'nsubj', 'ROOT', 'dobj', 'mark', 'pobj', 'aux', 'advcl', 'advmod', 'nummod', 'dobj', 'prep', 'det', 'pobj', 'prep']"
73,M37,"Kohli, Padikkal fifties fire RCB to fifth away win",Headline,ESPNCricinfo,"['Kohli', ',', 'Padikkal', 'fifties', 'fire', 'RCB', 'to', 'fifth', 'away', 'win']","['PROPN', 'PUNCT', 'PROPN', 'NOUN', 'VERB', 'PROPN', 'PART', 'VERB', 'ADP', 'NOUN']","['O', 'O', 'O', 'O', 'O', 'O', 'O', 'O', 'O', 'O']","['npadvmod', 'punct', 'compound', 'nsubj', 'ROOT', 'dobj', 'aux', 'advcl', 'prt', 'dobj']"
74,M37,"Kohli stayed unbeaten on 73 to register his 67th fifty-plus score, the most by any batter in IPL history",Summary,ESPNCricinfo,"['Kohli', 'stayed', 'unbeaten', 'on', '73', 'to', 'register', 'his', '67th', 'fifty', '-', 'plus', 'score', ',', 'the', 'most', 'by', 'any', 'batter', 'in', 'IPL', 'history']","['PROPN', 'VERB', 'ADJ', 'ADP', 'NUM', 'PART', 'VERB', 'PRON', 'ADJ', 'NUM', 'PUNCT', 'CCONJ', 'NOUN', 'PUNCT', 'DET', 'ADJ', 'ADP', 'DET', 'NOUN', 'ADP', 'PROPN', 'NOUN']","['O', 'O', 'O', 'O', 'O', 'O', 'O', 'O', 'O', 'O', 'O', 'O', 'O', 'O', 'O', 'O', 'O', 'O', 'O', 'O', 'O', 'O']","['nsubj', 'ROOT', 'acomp', 'prep', 'pobj', 'aux', 'advcl', 'poss', 'amod', 'nummod', 'punct', 'cc', 'dobj', 'punct', 'det', 'advmod', 'prep', 'det', 'pobj', 'prep', 'compound', 'pobj']"
75,M38,"Rohit, Suryakumar fifties seal NRR-boosting win for MI",Headline,ESPNCricinfo,"['Rohit', ',', 'Suryakumar', 'fifties', 'seal', 'NRR', '-', 'boosting', 'win', 'for', 'MI']","['PROPN', 'PUNCT', 'PROPN', 'NOUN', 'VERB', 'ADJ', 'PUNCT', 'VERB', 'NOUN', 'ADP', 'PROPN']","['O', 'O', 'O', 'O', 'O', 'O', 'O', 'O', 'O', 'O', 'O']","['advcl', 'punct', 'amod', 'nsubj', 'ROOT', 'npadvmod', 'punct', 'amod', 'dobj', 'prep', 'pobj']"
76,M38,MI mowed down 177 with nine wickets and 26 balls to spare,Summary,ESPNCricinfo,"['MI', 'mowed', 'down', '177', 'with', 'nine', 'wickets', 'and', '26', 'balls', 'to', 'spare']","['PROPN', 'VERB', 'ADP', 'NUM', 'ADP', 'NUM', 'NOUN', 'CCONJ', 'NUM', 'NOUN', 'PART', 'VERB']","['O', 'O', 'O', 'O', 'O', 'O', 'O', 'O', 'O', 'O', 'O', 'O']","['nsubj', 'ROOT', 'prt', 'npadvmod', 'prep', 'nummod', 'pobj', 'cc', 'nummod', 'conj', 'aux', 'xcomp']"
77,M39,Gujarat Titans consolidate top spot after Gill-Sai Sudharsan show,Headline,ESPNCricinfo,"['Gujarat', 'Titans', 'consolidate', 'top', 'spot', 'after', 'Gill', '-', 'Sai', 'Sudharsan', 'show']","['PROPN', 'PROPN', 'VERB', 'ADJ', 'NOUN', 'SCONJ', 'PROPN', 'PUNCT', 'PROPN', 'PROPN', 'NOUN']","['O', 'O', 'O', 'O', 'O', 'O', 'O', 'O', 'O', 'O', 'O']","['compound', 'nsubj', 'ROOT', 'amod', 'dobj', 'mark', 'compound', 'punct', 'compound', 'pobj', 'advcl']"
78,M39,"The GT top three again did the bulk of the scoring, scoring 183 runs among them",Summary,ESPNCricinfo,"['The', 'GT', 'top', 'three', 'again', 'did', 'the', 'bulk', 'of', 'the', 'scoring', ',', 'scoring', '183', 'runs', 'among', 'them']","['DET', 'PROPN', 'NOUN', 'NUM', 'ADV', 'VERB', 'DET', 'NOUN', 'ADP', 'DET', 'NOUN', 'PUNCT', 'VERB', 'NUM', 'NOUN', 'ADP', 'PRON']","['O', 'O', 'O', 'O', 'O', 'O', 'O', 'O', 'O', 'O', 'O', 'O', 'O', 'O', 'O', 'O', 'O']","['det', 'compound', 'nsubj', 'appos', 'advmod', 'ROOT', 'det', 'dobj', 'prep', 'det', 'pobj', 'punct', 'advcl', 'nummod', 'dobj', 'prep', 'pobj']"
79,M40,Mukesh four-for sets up comfortable win as DC close the gap up top,Headline,ESPNCricinfo,"['Mukesh', 'four', '-', 'for', 'sets', 'up', 'comfortable', 'win', 'as', 'DC', 'close', 'the', 'gap', 'up', 'top']","['PROPN', 'NUM', 'PUNCT', 'CCONJ', 'NOUN', 'ADP', 'ADJ', 'NOUN', 'SCONJ', 'PROPN', 'VERB', 'DET', 'NOUN', 'ADP', 'ADV']","['O', 'O', 'O', 'O', 'O', 'O', 'O', 'O', 'O', 'O', 'O', 'O', 'O', 'O', 'O']","['nmod', 'nummod', 'punct', 'prep', 'nmod', 'prt', 'amod', 'ROOT', 'mark', 'nsubj', 'advcl', 'det', 'dobj', 'prt', 'advmod']"
80,M40,"DC restricted LSG to just 72 runs in last ten overs, before Rahul and Porel's fifties took visitors home",Summary,ESPNCricinfo,"['DC', 'restricted', 'LSG', 'to', 'just', '72', 'runs', 'in', 'last', 'ten', 'overs', ',', 'before', 'Rahul', 'and', 'Porel', ""'s"", 'fifties', 'took', 'visitors', 'home']","['PROPN', 'VERB', 'PROPN', 'ADP', 'ADV', 'NUM', 'NOUN', 'ADP', 'ADJ', 'NUM', 'NOUN', 'PUNCT', 'SCONJ', 'PROPN', 'CCONJ', 'PROPN', 'PART', 'NOUN', 'VERB', 'NOUN', 'NOUN']","['O', 'O', 'O', 'O', 'O', 'O', 'O', 'O', 'O', 'O', 'O', 'O', 'O', 'O', 'O', 'O', 'O', 'O', 'O', 'O', 'O']","['nsubj', 'ROOT', 'dobj', 'prep', 'advmod', 'nummod', 'pobj', 'prep', 'amod', 'nummod', 'pobj', 'punct', 'mark', 'poss', 'cc', 'conj', 'case', 'nsubj', 'advcl', 'dobj', 'advmod']"
81,M41,Red-hot MI go third after Boult and Rohit blow SRH away,Headline,ESPNCricinfo,"['Red', '-', 'hot', 'MI', 'go', 'third', 'after', 'Boult', 'and', 'Rohit', 'blow', 'SRH', 'away']","['ADJ', 'ADJ', 'ADJ', 'PROPN', 'VERB', 'ADV', 'SCONJ', 'PROPN', 'CCONJ', 'PROPN', 'NOUN', 'NOUN', 'ADV']","['O', 'O', 'O', 'O', 'O', 'O', 'O', 'O', 'O', 'O', 'O', 'O', 'O']","['amod', 'amod', 'amod', 'nsubj', 'ROOT', 'advmod', 'mark', 'nsubj', 'cc', 'conj', 'advcl', 'dobj', 'advmod']"
82,M41,Rohit scored his second straight half-century to give MI their fourth straight win,Summary,ESPNCricinfo,"['Rohit', 'scored', 'his', 'second', 'straight', 'half', '-', 'century', 'to', 'give', 'MI', 'their', 'fourth', 'straight', 'win']","['PROPN', 'VERB', 'PRON', 'ADJ', 'ADJ', 'ADJ', 'PUNCT', 'NOUN', 'PART', 'VERB', 'PROPN', 'PRON', 'ADJ', 'ADJ', 'NOUN']","['O', 'O', 'O', 'O', 'O', 'O', 'O', 'O', 'O', 'O', 'O', 'O', 'O', 'O', 'O']","['nsubj', 'ROOT', 'poss', 'amod', 'amod', 'amod', 'punct', 'dobj', 'aux', 'advcl', 'dative', 'poss', 'amod', 'amod', 'dobj']"
83,M42,Kohli and Hazlewood break RCB's home duck as RR botch another chase,Headline,ESPNCricinfo,"['Kohli', 'and', 'Hazlewood', 'break', 'RCB', ""'s"", 'home', 'duck', 'as', 'RR', 'botch', 'another', 'chase']","['PROPN', 'CCONJ', 'PROPN', 'VERB', 'PROPN', 'PART', 'NOUN', 'NOUN', 'SCONJ', 'NOUN', 'VERB', 'DET', 'NOUN']","['O', 'O', 'O', 'O', 'O', 'O', 'O', 'O', 'O', 'O', 'O', 'O', 'O']","['nsubj', 'cc', 'conj', 'ROOT', 'poss', 'case', 'compound', 'dobj', 'mark', 'nsubj', 'advcl', 'det', 'dobj']"
84,M42,An unhittable 19th over from Hazlewood yanked a third successive match away from RR's grasp,Summary,ESPNCricinfo,"['An', 'unhittable', '19th', 'over', 'from', 'Hazlewood', 'yanked', 'a', 'third', 'successive', 'match', 'away', 'from', 'RR', ""'s"", 'grasp']","['DET', 'ADJ', 'NOUN', 'ADV', 'ADP', 'PROPN', 'VERB', 'DET', 'ADJ', 'ADJ', 'NOUN', 'ADV', 'ADP', 'PROPN', 'PART', 'NOUN']","['O', 'O', 'O', 'O', 'O', 'O', 'O', 'O', 'O', 'O', 'O', 'O', 'O', 'O', 'O', 'O']","['det', 'amod', 'nsubj', 'advmod', 'prep', 'pobj', 'ROOT', 'det', 'amod', 'amod', 'dobj', 'advmod', 'prep', 'poss', 'case', 'pobj']"
85,M43,"Harshal, Kamindu lead SRH to their first win against CSK in Chennai",Headline,ESPNCricinfo,"['Harshal', ',', 'Kamindu', 'lead', 'SRH', 'to', 'their', 'first', 'win', 'against', 'CSK', 'in', 'Chennai']","['PROPN', 'PUNCT', 'PROPN', 'VERB', 'PROPN', 'ADP', 'PRON', 'ADJ', 'NOUN', 'ADP', 'PROPN', 'ADP', 'PROPN']","['O', 'O', 'O', 'O', 'O', 'O', 'O', 'O', 'O', 'O', 'O', 'O', 'O']","['nsubj', 'punct', 'appos', 'ROOT', 'dobj', 'prep', 'poss', 'amod', 'pobj', 'prep', 'pobj', 'prep', 'pobj']"
86,M43,"Brevis, Mhatre's contributions were not enough for CSK to avoid their fourth loss at home this season",Summary,ESPNCricinfo,"['Brevis', ',', 'Mhatre', ""'s"", 'contributions', 'were', 'not', 'enough', 'for', 'CSK', 'to', 'avoid', 'their', 'fourth', 'loss', 'at', 'home', 'this', 'season']","['PROPN', 'PUNCT', 'PROPN', 'PART', 'NOUN', 'AUX', 'PART', 'ADJ', 'SCONJ', 'PROPN', 'PART', 'VERB', 'PRON', 'ADJ', 'NOUN', 'ADP', 'NOUN', 'DET', 'NOUN']","['O', 'O', 'O', 'O', 'O', 'O', 'O', 'O', 'O', 'O', 'O', 'O', 'O', 'O', 'O', 'O', 'O', 'O', 'O']","['nsubj', 'punct', 'poss', 'case', 'appos', 'ROOT', 'neg', 'acomp', 'mark', 'nsubj', 'aux', 'advcl', 'poss', 'amod', 'dobj', 'prep', 'pobj', 'det', 'npadvmod']"
87,M44,Arya and Prabhsimran sparkle before rain dashes PBKS' hopes,Headline,ESPNCricinfo,"['Arya', 'and', 'Prabhsimran', 'sparkle', 'before', 'rain', 'dashes', 'PBKS', ""'"", 'hopes']","['PROPN', 'CCONJ', 'PROPN', 'NOUN', 'ADP', 'NOUN', 'VERB', 'PROPN', 'PART', 'NOUN']","['O', 'O', 'O', 'O', 'O', 'O', 'O', 'O', 'O', 'O']","['nmod', 'cc', 'conj', 'nsubj', 'prep', 'nsubj', 'compound', 'pobj', 'case', 'ROOT']"
88,M44,PBKS moved to No. 4 on the points table while KKR rose to No. 7 with seven points from nine matches,Summary,ESPNCricinfo,"['PBKS', 'moved', 'to', 'No', '.', '4', 'on', 'the', 'points', 'table', 'while', 'KKR', 'rose', 'to', 'No', '.', '7', 'with', 'seven', 'points', 'from', 'nine', 'matches']","['PROPN', 'VERB', 'ADP', 'NOUN', 'NOUN', 'NUM', 'ADP', 'DET', 'NOUN', 'NOUN', 'SCONJ', 'PROPN', 'VERB', 'ADP', 'PROPN', 'PROPN', 'NUM', 'ADP', 'NUM', 'NOUN', 'ADP', 'NUM', 'NOUN']","['O', 'O', 'O', 'O', 'O', 'O', 'O', 'O', 'O', 'O', 'O', 'O', 'O', 'O', 'O', 'O', 'O', 'O', 'O', 'O', 'O', 'O', 'O']","['nsubj', 'ROOT', 'prep', 'pobj', 'pobj', 'nummod', 'prep', 'det', 'compound', 'pobj', 'mark', 'nsubj', 'advcl', 'prep', 'pobj', 'pobj', 'nummod', 'prep', 'nummod', 'pobj', 'prep', 'nummod', 'pobj']"
89,M45,Suryakumar and Bumrah dazzle in MI's fifth straight win,Headline,ESPNCricinfo,"['Suryakumar', 'and', 'Bumrah', 'dazzle', 'in', 'MI', ""'s"", 'fifth', 'straight', 'win']","['PROPN', 'CCONJ', 'PROPN', 'NOUN', 'ADP', 'PROPN', 'PART', 'ADJ', 'ADJ', 'NOUN']","['O', 'O', 'O', 'O', 'O', 'O', 'O', 'O', 'O', 'O']","['ROOT', 'cc', 'conj', 'conj', 'prep', 'poss', 'case', 'amod', 'amod', 'pobj']"
90,M45,Pant lasted only two balls amid a batting collapse from LSG that saw them slide from 110 for 3 to 161 all out,Summary,ESPNCricinfo,"['Pant', 'lasted', 'only', 'two', 'balls', 'amid', 'a', 'batting', 'collapse', 'from', 'LSG', 'that', 'saw', 'them', 'slide', 'from', '110', 'for', '3', 'to', '161', 'all', 'out']","['PROPN', 'VERB', 'ADV', 'NUM', 'NOUN', 'ADP', 'DET', 'NOUN', 'NOUN', 'ADP', 'PROPN', 'PRON', 'VERB', 'PRON', 'VERB', 'ADP', 'NUM', 'ADP', 'NUM', 'PART', 'NUM', 'PRON', 'ADV']","['O', 'O', 'O', 'O', 'O', 'O', 'O', 'O', 'O', 'O', 'O', 'O', 'O', 'O', 'O', 'O', 'O', 'O', 'O', 'O', 'O', 'O', 'O']","['nsubj', 'ROOT', 'advmod', 'nummod', 'dobj', 'prep', 'det', 'compound', 'pobj', 'prep', 'pobj', 'nsubj', 'relcl', 'nsubj', 'ccomp', 'prep', 'pobj', 'prep', 'quantmod', 'quantmod', 'pobj', 'npadvmod', 'advmod']"
91,M46,RCB go No. 1 after Krunal's all-round heroics,Headline,ESPNCricinfo,"['RCB', 'go', 'No', '.', '1', 'after', 'Krunal', ""'s"", 'all', '-', 'round', 'heroics']","['PROPN', 'VERB', 'NOUN', 'NOUN', 'NUM', 'ADP', 'PROPN', 'PART', 'PRON', 'PUNCT', 'NOUN', 'NOUN']","['O', 'O', 'O', 'O', 'O', 'O', 'O', 'O', 'O', 'O', 'O', 'O']","['nsubj', 'ROOT', 'dobj', 'npadvmod', 'nummod', 'prep', 'poss', 'case', 'advmod', 'punct', 'amod', 'pobj']"
92,M46,The left-arm spin-bowling allrounder made his second IPL fifty after helping restrict DC to 162 for 8,Summary,ESPNCricinfo,"['The', 'left', '-', 'arm', 'spin', '-', 'bowling', 'allrounder', 'made', 'his', 'second', 'IPL', 'fifty', 'after', 'helping', 'restrict', 'DC', 'to', '162', 'for', '8']","['DET', 'ADJ', 'PUNCT', 'NOUN', 'NOUN', 'PUNCT', 'NOUN', 'NOUN', 'VERB', 'PRON', 'ADJ', 'NOUN', 'NUM', 'ADP', 'AUX', 'VERB', 'PROPN', 'ADP', 'NUM', 'ADP', 'NUM']","['O', 'O', 'O', 'O', 'O', 'O', 'O', 'O', 'O', 'O', 'O', 'O', 'O', 'O', 'O', 'O', 'O', 'O', 'O', 'O', 'O']","['det', 'amod', 'punct', 'compound', 'compound', 'punct', 'compound', 'nsubj', 'ROOT', 'poss', 'amod', 'dobj', 'ccomp', 'prep', 'aux', 'pcomp', 'dobj', 'prep', 'pobj', 'prep', 'pobj']"
93,M47,"Suryavanshi, 14, shatters records to keep RR alive",Headline,ESPNCricinfo,"['Suryavanshi', ',', '14', ',', 'shatters', 'records', 'to', 'keep', 'RR', 'alive']","['PROPN', 'PUNCT', 'NUM', 'PUNCT', 'VERB', 'NOUN', 'PART', 'VERB', 'NOUN', 'ADJ']","['O', 'O', 'O', 'O', 'O', 'O', 'O', 'O', 'O', 'O']","['nsubj', 'punct', 'appos', 'punct', 'ROOT', 'dobj', 'aux', 'xcomp', 'dobj', 'oprd']"
94,M47,He smashed the second-fastest century in IPL history as RR chased down 210 in 15.5 overs,Summary,ESPNCricinfo,"['He', 'smashed', 'the', 'second', '-', 'fastest', 'century', 'in', 'IPL', 'history', 'as', 'RR', 'chased', 'down', '210', 'in', '15.5', 'overs']","['PRON', 'VERB', 'DET', 'ADV', 'PUNCT', 'ADJ', 'NOUN', 'ADP', 'PROPN', 'NOUN', 'SCONJ', 'PROPN', 'VERB', 'ADV', 'NUM', 'ADP', 'NUM', 'NOUN']","['O', 'O', 'O', 'O', 'O', 'O', 'O', 'O', 'O', 'O', 'O', 'O', 'O', 'O', 'O', 'O', 'O', 'O']","['nsubj', 'ROOT', 'det', 'advmod', 'punct', 'amod', 'dobj', 'prep', 'compound', 'pobj', 'mark', 'nsubj', 'advcl', 'advmod', 'dobj', 'prep', 'nummod', 'pobj']"
95,M48,Narine's all-round show sets up tense win for KKR,Headline,ESPNCricinfo,"['Narine', ""'s"", 'all', '-', 'round', 'show', 'sets', 'up', 'tense', 'win', 'for', 'KKR']","['PROPN', 'PART', 'PRON', 'PUNCT', 'NOUN', 'NOUN', 'VERB', 'ADP', 'ADJ', 'NOUN', 'ADP', 'PROPN']","['O', 'O', 'O', 'O', 'O', 'O', 'O', 'O', 'O', 'O', 'O', 'O']","['poss', 'case', 'advmod', 'punct', 'amod', 'nsubj', 'ROOT', 'prt', 'amod', 'dobj', 'prep', 'pobj']"
96,M48,"Narine and Chakravarthy played a key role in hitting back at DC, who slid from 136 for 3 to 190 for 9",Summary,ESPNCricinfo,"['Narine', 'and', 'Chakravarthy', 'played', 'a', 'key', 'role', 'in', 'hitting', 'back', 'at', 'DC', ',', 'who', 'slid', 'from', '136', 'for', '3', 'to', '190', 'for', '9']","['PROPN', 'CCONJ', 'PROPN', 'VERB', 'DET', 'ADJ', 'NOUN', 'ADP', 'VERB', 'ADV', 'ADP', 'PROPN', 'PUNCT', 'PRON', 'VERB', 'ADP', 'NUM', 'ADP', 'NUM', 'PART', 'NUM', 'ADP', 'NUM']","['O', 'O', 'O', 'O', 'O', 'O', 'O', 'O', 'O', 'O', 'O', 'O', 'O', 'O', 'O', 'O', 'O', 'O', 'O', 'O', 'O', 'O', 'O']","['nsubj', 'cc', 'conj', 'ROOT', 'det', 'amod', 'dobj', 'prep', 'pcomp', 'advmod', 'prep', 'pobj', 'punct', 'nsubj', 'relcl', 'prep', 'pobj', 'prep', 'quantmod', 'quantmod', 'pobj', 'prep', 'pobj']"
97,M49,"Shreyas, Prabhsimran and Chahal eliminate CSK",Headline,ESPNCricinfo,"['Shreyas', ',', 'Prabhsimran', 'and', 'Chahal', 'eliminate', 'CSK']","['PROPN', 'PUNCT', 'PROPN', 'CCONJ', 'PROPN', 'VERB', 'PROPN']","['O', 'O', 'O', 'O', 'O', 'O', 'O']","['nsubj', 'punct', 'conj', 'cc', 'conj', 'ROOT', 'dobj']"
98,M49,Chahal's second IPL hat-trick turned a topsy-turvy game in PBKS' favour,Summary,ESPNCricinfo,"['Chahal', ""'s"", 'second', 'IPL', 'hat', '-', 'trick', 'turned', 'a', 'topsy', '-', 'turvy', 'game', 'in', 'PBKS', ""'"", 'favour']","['PROPN', 'PART', 'ADJ', 'PROPN', 'NOUN', 'PUNCT', 'NOUN', 'VERB', 'DET', 'ADJ', 'PUNCT', 'ADJ', 'NOUN', 'ADP', 'PROPN', 'PART', 'NOUN']","['O', 'O', 'O', 'O', 'O', 'O', 'O', 'O', 'O', 'O', 'O', 'O', 'O', 'O', 'O', 'O', 'O']","['poss', 'case', 'amod', 'compound', 'compound', 'punct', 'nsubj', 'ROOT', 'det', 'amod', 'punct', 'amod', 'dobj', 'prep', 'poss', 'case', 'pobj']"
99,M50,Clinical Mumbai's sixth straight win gives them top position and knocks out Royals,Headline,ESPNCricinfo,"['Clinical', 'Mumbai', ""'s"", 'sixth', 'straight', 'win', 'gives', 'them', 'top', 'position', 'and', 'knocks', 'out', 'Royals']","['PROPN', 'PROPN', 'PART', 'ADJ', 'ADJ', 'NOUN', 'VERB', 'PRON', 'ADJ', 'NOUN', 'CCONJ', 'VERB', 'ADP', 'NOUN']","['O', 'O', 'O', 'O', 'O', 'O', 'O', 'O', 'O', 'O', 'O', 'O', 'O', 'O']","['compound', 'poss', 'case', 'amod', 'amod', 'nsubj', 'ROOT', 'dative', 'amod', 'dobj', 'cc', 'conj', 'prt', 'dobj']"
100,M50,MI posted the joint-highest IPL total in Jaipur and never gave the hosts a chance in the chase,Summary,ESPNCricinfo,"['MI', 'posted', 'the', 'joint', '-', 'highest', 'IPL', 'total', 'in', 'Jaipur', 'and', 'never', 'gave', 'the', 'hosts', 'a', 'chance', 'in', 'the', 'chase']","['PROPN', 'VERB', 'DET', 'ADJ', 'PUNCT', 'ADJ', 'PROPN', 'NOUN', 'ADP', 'PROPN', 'CCONJ', 'ADV', 'VERB', 'DET', 'NOUN', 'DET', 'NOUN', 'ADP', 'DET', 'NOUN']","['O', 'O', 'O', 'O', 'O', 'O', 'O', 'O', 'O', 'O', 'O', 'O', 'O', 'O', 'O', 'O', 'O', 'O', 'O', 'O']","['nsubj', 'ROOT', 'det', 'amod', 'punct', 'amod', 'compound', 'dobj', 'prep', 'pobj', 'cc', 'neg', 'conj', 'det', 'dative', 'det', 'dobj', 'prep', 'det', 'pobj']"
101,M51,"Gill, Buttler and Sai Sudharsan leave SRH on the brink of elimination",Headline,ESPNCricinfo,"['Gill', ',', 'Buttler', 'and', 'Sai', 'Sudharsan', 'leave', 'SRH', 'on', 'the', 'brink', 'of', 'elimination']","['PROPN', 'PUNCT', 'PROPN', 'CCONJ', 'PROPN', 'PROPN', 'VERB', 'PROPN', 'ADP', 'DET', 'NOUN', 'ADP', 'NOUN']","['O', 'O', 'O', 'O', 'O', 'O', 'O', 'O', 'O', 'O', 'O', 'O', 'O']","['nsubj', 'punct', 'conj', 'cc', 'compound', 'conj', 'ROOT', 'dobj', 'prep', 'det', 'pobj', 'prep', 'pobj']"
102,M51,"Each of SRH's remaining games is a must-win affair, but still no guarantee to take them to playoffs",Summary,ESPNCricinfo,"['Each', 'of', 'SRH', ""'s"", 'remaining', 'games', 'is', 'a', 'must', '-', 'win', 'affair', ',', 'but', 'still', 'no', 'guarantee', 'to', 'take', 'them', 'to', 'playoffs']","['PRON', 'ADP', 'PROPN', 'PART', 'VERB', 'NOUN', 'AUX', 'DET', 'AUX', 'PUNCT', 'VERB', 'NOUN', 'PUNCT', 'CCONJ', 'ADV', 'DET', 'NOUN', 'PART', 'VERB', 'PRON', 'ADP', 'NOUN']","['O', 'O', 'O', 'O', 'O', 'O', 'O', 'O', 'O', 'O', 'O', 'O', 'O', 'O', 'O', 'O', 'O', 'O', 'O', 'O', 'O', 'O']","['nsubj', 'prep', 'poss', 'case', 'amod', 'pobj', 'ROOT', 'det', 'aux', 'punct', 'amod', 'attr', 'punct', 'cc', 'advmod', 'det', 'conj', 'aux', 'acl', 'dobj', 'prep', 'pobj']"
103,M52,Dayal trumps CSK in last over again to take RCB to the top,Headline,ESPNCricinfo,"['Dayal', 'trumps', 'CSK', 'in', 'last', 'over', 'again', 'to', 'take', 'RCB', 'to', 'the', 'top']","['NOUN', 'VERB', 'PROPN', 'ADP', 'ADV', 'ADV', 'ADV', 'PART', 'VERB', 'PROPN', 'ADP', 'DET', 'NOUN']","['O', 'O', 'O', 'O', 'O', 'O', 'O', 'O', 'O', 'O', 'O', 'O', 'O']","['nsubj', 'ROOT', 'dobj', 'prep', 'pobj', 'advmod', 'advmod', 'aux', 'advcl', 'dobj', 'prep', 'det', 'pobj']"
104,M52,"Dayal did it against Dhoni, Jadeja and Dube with a dew-slicked ball on a flat pitch",Summary,ESPNCricinfo,"['Dayal', 'did', 'it', 'against', 'Dhoni', ',', 'Jadeja', 'and', 'Dube', 'with', 'a', 'dew', '-', 'slicked', 'ball', 'on', 'a', 'flat', 'pitch']","['NOUN', 'VERB', 'PRON', 'ADP', 'PROPN', 'PUNCT', 'PROPN', 'CCONJ', 'PROPN', 'ADP', 'DET', 'NOUN', 'PUNCT', 'VERB', 'NOUN', 'ADP', 'DET', 'ADJ', 'NOUN']","['O', 'O', 'O', 'O', 'O', 'O', 'O', 'O', 'O', 'O', 'O', 'O', 'O', 'O', 'O', 'O', 'O', 'O', 'O']","['nsubj', 'ROOT', 'dobj', 'prep', 'pobj', 'punct', 'conj', 'cc', 'conj', 'prep', 'det', 'npadvmod', 'punct', 'amod', 'pobj', 'prep', 'det', 'amod', 'pobj']"
105,M53,KKR survive last-ball thriller to stay alive in top four race,Headline,ESPNCricinfo,"['KKR', 'survive', 'last', '-', 'ball', 'thriller', 'to', 'stay', 'alive', 'in', 'top', 'four', 'race']","['PROPN', 'VERB', 'ADJ', 'PUNCT', 'NOUN', 'NOUN', 'PART', 'VERB', 'ADJ', 'ADP', 'ADJ', 'NUM', 'NOUN']","['O', 'O', 'O', 'O', 'O', 'O', 'O', 'O', 'O', 'O', 'O', 'O', 'O']","['nsubj', 'ROOT', 'amod', 'punct', 'compound', 'dobj', 'aux', 'advcl', 'acomp', 'prep', 'amod', 'nummod', 'pobj']"
106,M53,"An epic contest came down to the final ball, but Shubham Dubey was unable to get the three runs that would've sealed a memorable RR win",Summary,ESPNCricinfo,"['An', 'epic', 'contest', 'came', 'down', 'to', 'the', 'final', 'ball', ',', 'but', 'Shubham', 'Dubey', 'was', 'unable', 'to', 'get', 'the', 'three', 'runs', 'that', 'would', ""'ve"", 'sealed', 'a', 'memorable', 'RR', 'win']","['DET', 'ADJ', 'NOUN', 'VERB', 'ADP', 'ADP', 'DET', 'ADJ', 'NOUN', 'PUNCT', 'CCONJ', 'PROPN', 'PROPN', 'AUX', 'ADJ', 'PART', 'VERB', 'DET', 'NUM', 'NOUN', 'PRON', 'AUX', 'AUX', 'VERB', 'DET', 'ADJ', 'NOUN', 'NOUN']","['O', 'O', 'O', 'O', 'O', 'O', 'O', 'O', 'O', 'O', 'O', 'O', 'O', 'O', 'O', 'O', 'O', 'O', 'O', 'O', 'O', 'O', 'O', 'O', 'O', 'O', 'O', 'O']","['det', 'amod', 'nsubj', 'ROOT', 'prt', 'prep', 'det', 'amod', 'pobj', 'punct', 'cc', 'compound', 'nsubj', 'conj', 'acomp', 'aux', 'xcomp', 'det', 'nummod', 'dobj', 'nsubj', 'aux', 'aux', 'relcl', 'det', 'amod', 'compound', 'dobj']"
107,M54,"Prabhsimran 91, Arshdeep's new-ball spell take PBKS towards playoffs",Headline,ESPNCricinfo,"['Prabhsimran', '91', ',', 'Arshdeep', ""'s"", 'new', '-', 'ball', 'spell', 'take', 'PBKS', 'towards', 'playoffs']","['PROPN', 'NUM', 'PUNCT', 'PROPN', 'PART', 'ADJ', 'PUNCT', 'NOUN', 'NOUN', 'VERB', 'PROPN', 'ADP', 'NOUN']","['O', 'O', 'O', 'O', 'O', 'O', 'O', 'O', 'O', 'O', 'O', 'O', 'O']","['advcl', 'nummod', 'punct', 'poss', 'case', 'amod', 'punct', 'compound', 'nsubj', 'ROOT', 'dobj', 'prep', 'pobj']"
108,M54,"Against LSG, PBKS posted their 11th total of 200-plus in IPL, also aided by middle-order cameos",Summary,ESPNCricinfo,"['Against', 'LSG', ',', 'PBKS', 'posted', 'their', '11th', 'total', 'of', '200', '-', 'plus', 'in', 'IPL', ',', 'also', 'aided', 'by', 'middle', '-', 'order', 'cameos']","['ADP', 'PROPN', 'PUNCT', 'PROPN', 'VERB', 'PRON', 'ADJ', 'NOUN', 'ADP', 'NUM', 'PUNCT', 'CCONJ', 'ADP', 'PROPN', 'PUNCT', 'ADV', 'VERB', 'ADP', 'ADJ', 'PUNCT', 'NOUN', 'NOUN']","['O', 'O', 'O', 'O', 'O', 'O', 'O', 'O', 'O', 'O', 'O', 'O', 'O', 'O', 'O', 'O', 'O', 'O', 'O', 'O', 'O', 'O']","['prep', 'pobj', 'punct', 'nsubj', 'ROOT', 'poss', 'amod', 'dobj', 'prep', 'pobj', 'punct', 'cc', 'prep', 'pobj', 'punct', 'advmod', 'advcl', 'agent', 'amod', 'punct', 'compound', 'pobj']"
109,M55,Rain knocks SRH out and hands DC a reprieve,Headline,ESPNCricinfo,"['Rain', 'knocks', 'SRH', 'out', 'and', 'hands', 'DC', 'a', 'reprieve']","['NOUN', 'VERB', 'NOUN', 'ADP', 'CCONJ', 'VERB', 'PROPN', 'DET', 'NOUN']","['O', 'O', 'O', 'O', 'O', 'O', 'O', 'O', 'O']","['nsubj', 'ROOT', 'dobj', 'prt', 'cc', 'conj', 'dobj', 'det', 'dobj']"
110,M55,SRH captain Pat Cummins struck thrice and that helped restrict DC to just 133,Summary,ESPNCricinfo,"['SRH', 'captain', 'Pat', 'Cummins', 'struck', 'thrice', 'and', 'that', 'helped', 'restrict', 'DC', 'to', 'just', '133']","['PROPN', 'VERB', 'PROPN', 'PROPN', 'VERB', 'NOUN', 'CCONJ', 'PRON', 'AUX', 'VERB', 'PROPN', 'ADP', 'ADV', 'NUM']","['O', 'O', 'O', 'O', 'O', 'O', 'O', 'O', 'O', 'O', 'O', 'O', 'O', 'O']","['nsubj', 'compound', 'compound', 'nsubj', 'ROOT', 'dobj', 'cc', 'nsubj', 'aux', 'conj', 'dobj', 'prep', 'advmod', 'pobj']"
111,M56,"Rain, no-ball and a run-out fumble: Titans stun Mumbai to win a classic",Headline,ESPNCricinfo,"['Rain', ',', 'no', '-', 'ball', 'and', 'a', 'run', '-', 'out', 'fumble', ':', 'Titans', 'stun', 'Mumbai', 'to', 'win', 'a', 'classic']","['NOUN', 'PUNCT', 'DET', 'PUNCT', 'NOUN', 'CCONJ', 'DET', 'VERB', 'PUNCT', 'ADP', 'ADJ', 'PUNCT', 'PROPN', 'NOUN', 'PROPN', 'PART', 'VERB', 'DET', 'NOUN']","['O', 'O', 'O', 'O', 'O', 'O', 'O', 'O', 'O', 'O', 'O', 'O', 'O', 'O', 'O', 'O', 'O', 'O', 'O']","['ROOT', 'punct', 'det', 'punct', 'conj', 'cc', 'det', 'amod', 'punct', 'prt', 'conj', 'punct', 'compound', 'appos', 'dobj', 'aux', 'xcomp', 'det', 'dobj']"
112,M56,A see-sawing game with no shortage of drama went the way of the visitors at Wankhede stadium,Summary,ESPNCricinfo,"['A', 'see', '-', 'sawing', 'game', 'with', 'no', 'shortage', 'of', 'drama', 'went', 'the', 'way', 'of', 'the', 'visitors', 'at', 'Wankhede', 'stadium']","['DET', 'VERB', 'PUNCT', 'VERB', 'NOUN', 'ADP', 'DET', 'NOUN', 'ADP', 'NOUN', 'VERB', 'DET', 'NOUN', 'ADP', 'DET', 'NOUN', 'ADP', 'PROPN', 'NOUN']","['O', 'O', 'O', 'O', 'O', 'O', 'O', 'O', 'O', 'O', 'O', 'O', 'O', 'O', 'O', 'O', 'O', 'O', 'O']","['det', 'npadvmod', 'punct', 'amod', 'nsubj', 'prep', 'det', 'pobj', 'prep', 'pobj', 'ROOT', 'det', 'dobj', 'prep', 'det', 'pobj', 'prep', 'compound', 'pobj']"
113,M57,Brevis cracks counterattacking fifty as KKR's playoffs hopes nosedive,Headline,ESPNCricinfo,"['Brevis', 'cracks', 'counterattacking', 'fifty', 'as', 'KKR', ""'s"", 'playoffs', 'hopes', 'nosedive']","['PROPN', 'VERB', 'VERB', 'NUM', 'SCONJ', 'PROPN', 'PART', 'NOUN', 'VERB', 'ADJ']","['O', 'O', 'O', 'O', 'O', 'O', 'O', 'O', 'O', 'O']","['nsubj', 'ROOT', 'xcomp', 'dobj', 'mark', 'poss', 'case', 'nsubj', 'advcl', 'acomp']"
114,M57,"Earlier, CSK's win was set up by Noor Ahmad's four-for as he checked KKR after the powerplay",Summary,ESPNCricinfo,"['Earlier', ',', 'CSK', ""'s"", 'win', 'was', 'set', 'up', 'by', 'Noor', 'Ahmad', ""'s"", 'four', '-', 'for', 'as', 'he', 'checked', 'KKR', 'after', 'the', 'powerplay']","['ADV', 'PUNCT', 'PROPN', 'PART', 'NOUN', 'AUX', 'VERB', 'ADP', 'ADP', 'PROPN', 'PROPN', 'PART', 'NUM', 'PUNCT', 'NOUN', 'SCONJ', 'PRON', 'VERB', 'PROPN', 'ADP', 'DET', 'NOUN']","['O', 'O', 'O', 'O', 'O', 'O', 'O', 'O', 'O', 'O', 'O', 'O', 'O', 'O', 'O', 'O', 'O', 'O', 'O', 'O', 'O', 'O']","['advmod', 'punct', 'poss', 'case', 'nsubjpass', 'auxpass', 'ROOT', 'prt', 'agent', 'compound', 'poss', 'case', 'nummod', 'punct', 'pobj', 'mark', 'nsubj', 'advcl', 'dobj', 'prep', 'det', 'pobj']"
115,M58,Rain ends KKR's playoff hopes and extends pause on IPL,Headline,ESPNCricinfo,"['Rain', 'ends', 'KKR', ""'s"", 'playoff', 'hopes', 'and', 'extends', 'pause', 'on', 'IPL']","['NOUN', 'VERB', 'PROPN', 'PART', 'NOUN', 'NOUN', 'CCONJ', 'VERB', 'NOUN', 'ADP', 'PROPN']","['O', 'O', 'O', 'O', 'O', 'O', 'O', 'O', 'O', 'O', 'O']","['nsubj', 'ROOT', 'poss', 'case', 'compound', 'dobj', 'cc', 'conj', 'dobj', 'prep', 'pobj']"
116,M58,The fans came in huge numbers to Bengaluru but the weather played spoilsport,Summary,ESPNCricinfo,"['The', 'fans', 'came', 'in', 'huge', 'numbers', 'to', 'Bengaluru', 'but', 'the', 'weather', 'played', 'spoilsport']","['DET', 'NOUN', 'VERB', 'ADP', 'ADJ', 'NOUN', 'ADP', 'PROPN', 'CCONJ', 'DET', 'NOUN', 'VERB', 'NOUN']","['O', 'O', 'O', 'O', 'O', 'O', 'O', 'O', 'O', 'O', 'O', 'O', 'O']","['det', 'nsubj', 'ROOT', 'prep', 'amod', 'pobj', 'prep', 'pobj', 'cc', 'det', 'nsubj', 'conj', 'dobj']"
117,M59,Nehal Wadhera and Harpreet Brar take Punjab Kings closer to playoffs,Headline,ESPNCricinfo,"['Nehal', 'Wadhera', 'and', 'Harpreet', 'Brar', 'take', 'Punjab', 'Kings', 'closer', 'to', 'playoffs']","['PROPN', 'PROPN', 'CCONJ', 'PROPN', 'PROPN', 'VERB', 'ADJ', 'NOUN', 'ADV', 'ADP', 'NOUN']","['O', 'O', 'O', 'O', 'O', 'O', 'O', 'O', 'O', 'O', 'O']","['compound', 'nsubj', 'cc', 'compound', 'conj', 'ROOT', 'compound', 'dobj', 'advmod', 'prep', 'pobj']"
118,M59,RR got off to a strong start in chase thanks to Jaiswal and Suryavanshi but eventually fell to a 10-run loss,Summary,ESPNCricinfo,"['RR', 'got', 'off', 'to', 'a', 'strong', 'start', 'in', 'chase', 'thanks', 'to', 'Jaiswal', 'and', 'Suryavanshi', 'but', 'eventually', 'fell', 'to', 'a', '10', '-', 'run', 'loss']","['NOUN', 'VERB', 'ADP', 'ADP', 'DET', 'ADJ', 'NOUN', 'ADP', 'NOUN', 'NOUN', 'ADP', 'PROPN', 'CCONJ', 'PROPN', 'CCONJ', 'ADV', 'VERB', 'ADP', 'DET', 'NUM', 'PUNCT', 'NOUN', 'NOUN']","['O', 'O', 'O', 'O', 'O', 'O', 'O', 'O', 'O', 'O', 'O', 'O', 'O', 'O', 'O', 'O', 'O', 'O', 'O', 'O', 'O', 'O', 'O']","['nsubj', 'ROOT', 'prt', 'prep', 'det', 'amod', 'pobj', 'prep', 'compound', 'pobj', 'prep', 'pobj', 'cc', 'conj', 'cc', 'advmod', 'conj', 'prep', 'det', 'nummod', 'punct', 'compound', 'pobj']"
119,M60,Sai Sudharsan and Gill help clinical GT book playoffs berth,Headline,ESPNCricinfo,"['Sai', 'Sudharsan', 'and', 'Gill', 'help', 'clinical', 'GT', 'book', 'playoffs', 'berth']","['PROPN', 'PROPN', 'CCONJ', 'PROPN', 'VERB', 'ADJ', 'NOUN', 'NOUN', 'VERB', 'NOUN']","['O', 'O', 'O', 'O', 'O', 'O', 'O', 'O', 'O', 'O']","['compound', 'nsubj', 'cc', 'conj', 'ROOT', 'amod', 'compound', 'nsubj', 'ccomp', 'dobj']"
120,M60,Sai Sudharsan finished on 108 not out off 61 balls and Gill on 93 not out off 53 as they overhauled DC's 199 for 3 with an over to spare,Summary,ESPNCricinfo,"['Sai', 'Sudharsan', 'finished', 'on', '108', 'not', 'out', 'off', '61', 'balls', 'and', 'Gill', 'on', '93', 'not', 'out', 'off', '53', 'as', 'they', 'overhauled', 'DC', ""'s"", '199', 'for', '3', 'with', 'an', 'over', 'to', 'spare']","['PROPN', 'PROPN', 'VERB', 'ADP', 'NUM', 'PART', 'ADV', 'ADP', 'NUM', 'NOUN', 'CCONJ', 'PROPN', 'ADP', 'NUM', 'PART', 'ADV', 'ADV', 'NUM', 'SCONJ', 'PRON', 'VERB', 'PROPN', 'PART', 'NUM', 'ADP', 'NUM', 'SCONJ', 'DET', 'NOUN', 'PART', 'VERB']","['O', 'O', 'O', 'O', 'O', 'O', 'O', 'O', 'O', 'O', 'O', 'O', 'O', 'O', 'O', 'O', 'O', 'O', 'O', 'O', 'O', 'O', 'O', 'O', 'O', 'O', 'O', 'O', 'O', 'O', 'O']","['compound', 'nsubj', 'ROOT', 'prep', 'pobj', 'advmod', 'advmod', 'prep', 'nummod', 'pobj', 'cc', 'conj', 'prep', 'pobj', 'neg', 'advmod', 'advmod', 'dobj', 'mark', 'nsubj', 'advcl', 'poss', 'case', 'dobj', 'prep', 'pobj', 'mark', 'det', 'nsubj', 'aux', 'advcl']"
121,M61,Abhishek's 18-ball fifty knocks LSG out of playoffs race,Headline,ESPNCricinfo,"['Abhishek', ""'s"", '18', '-', 'ball', 'fifty', 'knocks', 'LSG', 'out', 'of', 'playoffs', 'race']","['PROPN', 'PART', 'NUM', 'PUNCT', 'NOUN', 'NUM', 'VERB', 'PROPN', 'ADP', 'ADP', 'NOUN', 'NOUN']","['O', 'O', 'O', 'O', 'O', 'O', 'O', 'O', 'O', 'O', 'O', 'O']","['poss', 'case', 'nummod', 'punct', 'compound', 'nsubj', 'ROOT', 'dobj', 'prep', 'prep', 'pobj', 'dobj']"
122,M61,"Marsh and Markram's half-centuries went in vain, as SRH bagged seven LSG wickets in the last ten overs",Summary,ESPNCricinfo,"['Marsh', 'and', 'Markram', ""'s"", 'half', '-', 'centuries', 'went', 'in', 'vain', ',', 'as', 'SRH', 'bagged', 'seven', 'LSG', 'wickets', 'in', 'the', 'last', 'ten', 'overs']","['PROPN', 'CCONJ', 'PROPN', 'PART', 'ADJ', 'PUNCT', 'NOUN', 'VERB', 'ADP', 'ADJ', 'PUNCT', 'SCONJ', 'PROPN', 'VERB', 'NUM', 'PROPN', 'NOUN', 'ADP', 'DET', 'ADJ', 'NUM', 'NOUN']","['O', 'O', 'O', 'O', 'O', 'O', 'O', 'O', 'O', 'O', 'O', 'O', 'O', 'O', 'O', 'O', 'O', 'O', 'O', 'O', 'O', 'O']","['nsubj', 'cc', 'poss', 'case', 'amod', 'punct', 'conj', 'ROOT', 'prep', 'pobj', 'punct', 'mark', 'nsubj', 'advcl', 'nummod', 'compound', 'dobj', 'prep', 'det', 'amod', 'nummod', 'pobj']"
123,M62,Madhwal leads bowlers' show as RR end the season by beating CSK,Headline,ESPNCricinfo,"['Madhwal', 'leads', 'bowlers', ""'"", 'show', 'as', 'RR', 'end', 'the', 'season', 'by', 'beating', 'CSK']","['PROPN', 'VERB', 'NOUN', 'PART', 'NOUN', 'SCONJ', 'NOUN', 'VERB', 'DET', 'NOUN', 'ADP', 'VERB', 'PROPN']","['O', 'O', 'O', 'O', 'O', 'O', 'O', 'O', 'O', 'O', 'O', 'O', 'O']","['nsubj', 'ROOT', 'poss', 'case', 'dobj', 'mark', 'nsubj', 'advcl', 'det', 'dobj', 'prep', 'pcomp', 'dobj']"
124,M62,"CSK were restricted to 187, before Survyavanshi's fifty, and cameos from Jaiswal and Jurel, wrapped the chase",Summary,ESPNCricinfo,"['CSK', 'were', 'restricted', 'to', '187', ',', 'before', 'Survyavanshi', ""'s"", 'fifty', ',', 'and', 'cameos', 'from', 'Jaiswal', 'and', 'Jurel', ',', 'wrapped', 'the', 'chase']","['PROPN', 'AUX', 'VERB', 'ADP', 'NUM', 'PUNCT', 'SCONJ', 'PROPN', 'PART', 'NUM', 'PUNCT', 'CCONJ', 'NOUN', 'ADP', 'PROPN', 'CCONJ', 'PROPN', 'PUNCT', 'VERB', 'DET', 'NOUN']","['O', 'O', 'O', 'O', 'O', 'O', 'O', 'O', 'O', 'O', 'O', 'O', 'O', 'O', 'O', 'O', 'O', 'O', 'O', 'O', 'O']","['nsubjpass', 'auxpass', 'ROOT', 'prep', 'pobj', 'punct', 'mark', 'poss', 'case', 'nsubj', 'punct', 'cc', 'conj', 'prep', 'pobj', 'cc', 'conj', 'punct', 'advcl', 'det', 'dobj']"
125,M63,"Suryakumar, Santner and Bumrah lead MI into playoffs",Headline,ESPNCricinfo,"['Suryakumar', ',', 'Santner', 'and', 'Bumrah', 'lead', 'MI', 'into', 'playoffs']","['PROPN', 'PUNCT', 'PROPN', 'CCONJ', 'PROPN', 'VERB', 'PROPN', 'ADP', 'NOUN']","['O', 'O', 'O', 'O', 'O', 'O', 'O', 'O', 'O']","['nsubj', 'punct', 'conj', 'cc', 'conj', 'ROOT', 'dobj', 'prep', 'pobj']"
126,M63,"Delhi Capitals, who began the season with four wins on the trot, are now out of contention",Summary,ESPNCricinfo,"['Delhi', 'Capitals', ',', 'who', 'began', 'the', 'season', 'with', 'four', 'wins', 'on', 'the', 'trot', ',', 'are', 'now', 'out', 'of', 'contention']","['PROPN', 'PROPN', 'PUNCT', 'PRON', 'VERB', 'DET', 'NOUN', 'ADP', 'NUM', 'NOUN', 'ADP', 'DET', 'NOUN', 'PUNCT', 'AUX', 'ADV', 'ADP', 'ADP', 'NOUN']","['O', 'O', 'O', 'O', 'O', 'O', 'O', 'O', 'O', 'O', 'O', 'O', 'O', 'O', 'O', 'O', 'O', 'O', 'O']","['compound', 'nsubj', 'punct', 'nsubj', 'relcl', 'det', 'dobj', 'prep', 'nummod', 'pobj', 'prep', 'det', 'pobj', 'punct', 'ROOT', 'advmod', 'prep', 'prep', 'pobj']"
127,M64,"Marsh ton, O'Rourke three-for headline LSG's big win against table-toppers",Headline,ESPNCricinfo,"['Marsh', 'ton', ',', ""O'Rourke"", 'three', '-', 'for', 'headline', 'LSG', ""'s"", 'big', 'win', 'against', 'table', '-', 'toppers']","['PROPN', 'PROPN', 'PUNCT', 'PROPN', 'NUM', 'PUNCT', 'CCONJ', 'NOUN', 'PROPN', 'PART', 'ADJ', 'NOUN', 'ADP', 'NOUN', 'PUNCT', 'NOUN']","['O', 'O', 'O', 'O', 'O', 'O', 'O', 'O', 'O', 'O', 'O', 'O', 'O', 'O', 'O', 'O']","['compound', 'ROOT', 'punct', 'nmod', 'nummod', 'punct', 'prep', 'appos', 'poss', 'case', 'amod', 'dobj', 'prep', 'compound', 'punct', 'pobj']"
128,M64,Shahrukh Khan and Sherfane Rutherford kept GT in the game but they eventually fell well short,Summary,ESPNCricinfo,"['Shahrukh', 'Khan', 'and', 'Sherfane', 'Rutherford', 'kept', 'GT', 'in', 'the', 'game', 'but', 'they', 'eventually', 'fell', 'well', 'short']","['PROPN', 'PROPN', 'CCONJ', 'PROPN', 'PROPN', 'VERB', 'PROPN', 'ADP', 'DET', 'NOUN', 'CCONJ', 'PRON', 'ADV', 'VERB', 'ADV', 'ADJ']","['O', 'O', 'O', 'O', 'O', 'O', 'O', 'O', 'O', 'O', 'O', 'O', 'O', 'O', 'O', 'O']","['compound', 'nsubj', 'cc', 'compound', 'conj', 'ROOT', 'dobj', 'prep', 'det', 'pobj', 'cc', 'nsubj', 'advmod', 'conj', 'advmod', 'acomp']"
129,M65,"Kishan, SRH quicks dent RCB's chances of a top-two finish",Headline,ESPNCricinfo,"['Kishan', ',', 'SRH', 'quicks', 'dent', 'RCB', ""'s"", 'chances', 'of', 'a', 'top', '-', 'two', 'finish']","['PROPN', 'PUNCT', 'PROPN', 'VERB', 'ADJ', 'PROPN', 'PART', 'NOUN', 'ADP', 'DET', 'ADJ', 'PUNCT', 'NUM', 'NOUN']","['O', 'O', 'O', 'O', 'O', 'O', 'O', 'O', 'O', 'O', 'O', 'O', 'O', 'O']","['dep', 'punct', 'nsubj', 'ROOT', 'amod', 'poss', 'case', 'dobj', 'prep', 'det', 'amod', 'punct', 'nummod', 'pobj']"
130,M65,RCB lost 7 for 16 in the last 25 balls to go down by 42 runs and see their NRR slip below Punjab Kings',Summary,ESPNCricinfo,"['RCB', 'lost', '7', 'for', '16', 'in', 'the', 'last', '25', 'balls', 'to', 'go', 'down', 'by', '42', 'runs', 'and', 'see', 'their', 'NRR', 'slip', 'below', 'Punjab', 'Kings', ""'""]","['PROPN', 'VERB', 'NUM', 'ADP', 'NUM', 'ADP', 'DET', 'ADJ', 'NUM', 'NOUN', 'PART', 'VERB', 'ADP', 'ADP', 'NUM', 'NOUN', 'CCONJ', 'VERB', 'PRON', 'PROPN', 'VERB', 'ADP', 'PROPN', 'NOUN', 'PART']","['O', 'O', 'O', 'O', 'O', 'O', 'O', 'O', 'O', 'O', 'O', 'O', 'O', 'O', 'O', 'O', 'O', 'O', 'O', 'O', 'O', 'O', 'O', 'O', 'O']","['nsubj', 'ROOT', 'dobj', 'prep', 'pobj', 'prep', 'det', 'amod', 'nummod', 'pobj', 'aux', 'advcl', 'prt', 'prep', 'nummod', 'pobj', 'cc', 'conj', 'poss', 'nsubj', 'ccomp', 'prep', 'compound', 'pobj', 'case']"
131,M66,Rizvi special helps DC sign off with a win,Headline,ESPNCricinfo,"['Rizvi', 'special', 'helps', 'DC', 'sign', 'off', 'with', 'a', 'win']","['VERB', 'ADJ', 'VERB', 'PROPN', 'VERB', 'ADP', 'ADP', 'DET', 'NOUN']","['O', 'O', 'O', 'O', 'O', 'O', 'O', 'O', 'O']","['csubj', 'acomp', 'ROOT', 'nsubj', 'ccomp', 'prt', 'prep', 'det', 'pobj']"
132,M66,Punjab Kings saw their hopes for a top-two finish dented,Summary,ESPNCricinfo,"['Punjab', 'Kings', 'saw', 'their', 'hopes', 'for', 'a', 'top', '-', 'two', 'finish', 'dented']","['ADJ', 'NOUN', 'VERB', 'PRON', 'NOUN', 'ADP', 'DET', 'ADJ', 'PUNCT', 'NUM', 'NOUN', 'VERB']","['O', 'O', 'O', 'O', 'O', 'O', 'O', 'O', 'O', 'O', 'O', 'O']","['amod', 'nsubj', 'ROOT', 'poss', 'dobj', 'prep', 'det', 'amod', 'punct', 'nummod', 'pobj', 'acl']"
133,M67,"Brevis, Mhatre, Urvil help CSK sign off gloomy season on bright note",Headline,ESPNCricinfo,"['Brevis', ',', 'Mhatre', ',', 'Urvil', 'help', 'CSK', 'sign', 'off', 'gloomy', 'season', 'on', 'bright', 'note']","['PROPN', 'PUNCT', 'PROPN', 'PUNCT', 'PROPN', 'VERB', 'PROPN', 'VERB', 'ADP', 'ADJ', 'NOUN', 'ADP', 'ADJ', 'NOUN']","['O', 'O', 'O', 'O', 'O', 'O', 'O', 'O', 'O', 'O', 'O', 'O', 'O', 'O']","['nsubj', 'punct', 'conj', 'punct', 'nsubj', 'ROOT', 'nsubj', 'ccomp', 'prt', 'amod', 'dobj', 'prep', 'amod', 'pobj']"
134,M67,"Their dazzling knocks had CSK finishing with 230 for 5, their highest total in IPL 2025. In response, GT folded for 147",Summary,ESPNCricinfo,"['Their', 'dazzling', 'knocks', 'had', 'CSK', 'finishing', 'with', '230', 'for', '5', ',', 'their', 'highest', 'total', 'in', 'IPL', '2025', '.', 'In', 'response', ',', 'GT', 'folded', 'for', '147']","['PRON', 'VERB', 'NOUN', 'VERB', 'PROPN', 'VERB', 'ADP', 'NUM', 'ADP', 'NUM', 'PUNCT', 'PRON', 'ADJ', 'NOUN', 'ADP', 'PROPN', 'NUM', 'PUNCT', 'ADP', 'NOUN', 'PUNCT', 'PROPN', 'VERB', 'ADP', 'NUM']","['O', 'O', 'O', 'O', 'O', 'O', 'O', 'O', 'O', 'O', 'O', 'O', 'O', 'O', 'O', 'O', 'O', 'O', 'O', 'O', 'O', 'O', 'O', 'O', 'O']","['poss', 'amod', 'nsubj', 'ROOT', 'nsubj', 'ccomp', 'prep', 'pobj', 'prep', 'pobj', 'punct', 'poss', 'amod', 'dobj', 'prep', 'pobj', 'nummod', 'punct', 'prep', 'pobj', 'punct', 'nsubj', 'ROOT', 'prep', 'pobj']"
135,M68,Klaasen's 105* the highlight as SRH finish IPL 2025 in style,Headline,ESPNCricinfo,"['Klaasen', ""'s"", '105', '*', 'the', 'highlight', 'as', 'SRH', 'finish', 'IPL', '2025', 'in', 'style']","['PROPN', 'PART', 'NUM', 'PUNCT', 'DET', 'NOUN', 'SCONJ', 'NOUN', 'VERB', 'PROPN', 'NUM', 'ADP', 'NOUN']","['O', 'O', 'O', 'O', 'O', 'O', 'O', 'O', 'O', 'O', 'O', 'O', 'O']","['poss', 'case', 'nummod', 'ROOT', 'det', 'npadvmod', 'mark', 'nsubj', 'advcl', 'dobj', 'nummod', 'prep', 'pobj']"
136,M68,SRH post the third-highest IPL total and handed KKR their biggest defeat in the competition,Summary,ESPNCricinfo,"['SRH', 'post', 'the', 'third', '-', 'highest', 'IPL', 'total', 'and', 'handed', 'KKR', 'their', 'biggest', 'defeat', 'in', 'the', 'competition']","['NOUN', 'VERB', 'DET', 'ADV', 'PUNCT', 'ADJ', 'PROPN', 'NOUN', 'CCONJ', 'VERB', 'PROPN', 'PRON', 'ADJ', 'NOUN', 'ADP', 'DET', 'NOUN']","['O', 'O', 'O', 'O', 'O', 'O', 'O', 'O', 'O', 'O', 'O', 'O', 'O', 'O', 'O', 'O', 'O']","['nsubj', 'ROOT', 'det', 'advmod', 'punct', 'amod', 'compound', 'dobj', 'cc', 'conj', 'dative', 'poss', 'amod', 'dobj', 'prep', 'det', 'pobj']"
137,M69,Arya and Inglis take PBKS to Qualifier 1 and send MI to the Eliminator,Headline,ESPNCricinfo,"['Arya', 'and', 'Inglis', 'take', 'PBKS', 'to', 'Qualifier', '1', 'and', 'send', 'MI', 'to', 'the', 'Eliminator']","['PROPN', 'CCONJ', 'PROPN', 'VERB', 'NOUN', 'ADP', 'PROPN', 'NUM', 'CCONJ', 'VERB', 'PROPN', 'ADP', 'DET', 'PROPN']","['O', 'O', 'O', 'O', 'O', 'O', 'O', 'O', 'O', 'O', 'O', 'O', 'O', 'O']","['nsubj', 'cc', 'conj', 'ROOT', 'dobj', 'prep', 'pobj', 'nummod', 'cc', 'conj', 'dobj', 'prep', 'det', 'pobj']"
138,M69,Josh Inglis and Priyansh Arya shared a 109-run stand for the second wicket to help PBKS chase down 185 with ease,Summary,ESPNCricinfo,"['Josh', 'Inglis', 'and', 'Priyansh', 'Arya', 'shared', 'a', '109', '-', 'run', 'stand', 'for', 'the', 'second', 'wicket', 'to', 'help', 'PBKS', 'chase', 'down', '185', 'with', 'ease']","['PROPN', 'PROPN', 'CCONJ', 'PROPN', 'PROPN', 'VERB', 'DET', 'NUM', 'PUNCT', 'NOUN', 'NOUN', 'ADP', 'DET', 'ADJ', 'NOUN', 'PART', 'VERB', 'PROPN', 'VERB', 'ADP', 'NUM', 'ADP', 'NOUN']","['O', 'O', 'O', 'O', 'O', 'O', 'O', 'O', 'O', 'O', 'O', 'O', 'O', 'O', 'O', 'O', 'O', 'O', 'O', 'O', 'O', 'O', 'O']","['compound', 'nsubj', 'cc', 'compound', 'conj', 'ROOT', 'det', 'nummod', 'punct', 'compound', 'dobj', 'prep', 'det', 'amod', 'pobj', 'aux', 'acl', 'compound', 'ccomp', 'advmod', 'npadvmod', 'prep', 'pobj']"
139,M70,Jitesh 85* trumps Pant 118* as RCB make Qualifier 1,Headline,ESPNCricinfo,"['Jitesh', '85', '*', 'trumps', 'Pant', '118', '*', 'as', 'RCB', 'make', 'Qualifier', '1']","['PROPN', 'NUM', 'PUNCT', 'VERB', 'PROPN', 'NUM', 'PUNCT', 'SCONJ', 'PROPN', 'VERB', 'PROPN', 'NUM']","['O', 'O', 'O', 'O', 'O', 'O', 'O', 'O', 'O', 'O', 'O', 'O']","['nsubj', 'nummod', 'punct', 'ROOT', 'nsubj', 'nummod', 'punct', 'mark', 'nsubj', 'advcl', 'dobj', 'nummod']"
140,M70,"Jitesh added an unbeaten 107 with Agarwal, who scored 41 not out, to complete an unlikely chase",Summary,ESPNCricinfo,"['Jitesh', 'added', 'an', 'unbeaten', '107', 'with', 'Agarwal', ',', 'who', 'scored', '41', 'not', 'out', ',', 'to', 'complete', 'an', 'unlikely', 'chase']","['PROPN', 'VERB', 'DET', 'ADJ', 'NUM', 'ADP', 'PROPN', 'PUNCT', 'PRON', 'VERB', 'NUM', 'PART', 'ADV', 'PUNCT', 'PART', 'VERB', 'DET', 'ADJ', 'NOUN']","['O', 'O', 'O', 'O', 'O', 'O', 'O', 'O', 'O', 'O', 'O', 'O', 'O', 'O', 'O', 'O', 'O', 'O', 'O']","['nsubj', 'ROOT', 'det', 'amod', 'dobj', 'prep', 'pobj', 'punct', 'nsubj', 'relcl', 'dobj', 'neg', 'advmod', 'punct', 'aux', 'advcl', 'det', 'amod', 'dobj']"
141,M71,"Bowlers, Salt shine as RCB march into first IPL final since 2016",Headline,ESPNCricinfo,"['Bowlers', ',', 'Salt', 'shine', 'as', 'RCB', 'march', 'into', 'first', 'IPL', 'final', 'since', '2016']","['NOUN', 'PUNCT', 'NOUN', 'VERB', 'ADP', 'PROPN', 'NOUN', 'ADP', 'ADJ', 'PROPN', 'ADJ', 'SCONJ', 'NUM']","['O', 'O', 'O', 'O', 'O', 'O', 'O', 'O', 'O', 'O', 'O', 'O', 'O']","['npadvmod', 'punct', 'compound', 'ROOT', 'prep', 'pobj', 'pobj', 'prep', 'amod', 'compound', 'pobj', 'prep', 'pobj']"
142,M71,"Hazlewood, Suyash and Dayal shared eight wickets as PBKS folded for 101 in Qualifier 1",Summary,ESPNCricinfo,"['Hazlewood', ',', 'Suyash', 'and', 'Dayal', 'shared', 'eight', 'wickets', 'as', 'PBKS', 'folded', 'for', '101', 'in', 'Qualifier', '1']","['PROPN', 'PUNCT', 'PROPN', 'CCONJ', 'PROPN', 'VERB', 'NUM', 'NOUN', 'SCONJ', 'PROPN', 'VERB', 'ADP', 'NUM', 'ADP', 'PROPN', 'NUM']","['O', 'O', 'O', 'O', 'O', 'O', 'O', 'O', 'O', 'O', 'O', 'O', 'O', 'O', 'O', 'O']","['nsubj', 'punct', 'conj', 'cc', 'conj', 'ROOT', 'nummod', 'dobj', 'mark', 'nsubj', 'advcl', 'prep', 'pobj', 'prep', 'pobj', 'nummod']"
143,M72,MI eliminate GT to set up Qualifier 2 with PBKS,Headline,ESPNCricinfo,"['MI', 'eliminate', 'GT', 'to', 'set', 'up', 'Qualifier', '2', 'with', 'PBKS']","['PROPN', 'VERB', 'PROPN', 'PART', 'VERB', 'ADP', 'PROPN', 'NUM', 'ADP', 'PROPN']","['O', 'O', 'O', 'O', 'O', 'O', 'O', 'O', 'O', 'O']","['nsubj', 'ROOT', 'dobj', 'aux', 'xcomp', 'prt', 'compound', 'dobj', 'prep', 'pobj']"
144,M72,"Rohit and Bairstow took MI to the second-highest total in any IPL playoff game, and ensured that GT's target always remained just out of reach",Summary,ESPNCricinfo,"['Rohit', 'and', 'Bairstow', 'took', 'MI', 'to', 'the', 'second', '-', 'highest', 'total', 'in', 'any', 'IPL', 'playoff', 'game', ',', 'and', 'ensured', 'that', 'GT', ""'s"", 'target', 'always', 'remained', 'just', 'out', 'of', 'reach']","['PROPN', 'CCONJ', 'PROPN', 'VERB', 'PROPN', 'ADP', 'DET', 'ADV', 'PUNCT', 'ADJ', 'NOUN', 'ADP', 'DET', 'PROPN', 'NOUN', 'NOUN', 'PUNCT', 'CCONJ', 'VERB', 'SCONJ', 'PROPN', 'PART', 'NOUN', 'ADV', 'VERB', 'ADV', 'ADP', 'ADP', 'NOUN']","['O', 'O', 'O', 'O', 'O', 'O', 'O', 'O', 'O', 'O', 'O', 'O', 'O', 'O', 'O', 'O', 'O', 'O', 'O', 'O', 'O', 'O', 'O', 'O', 'O', 'O', 'O', 'O', 'O']","['nsubj', 'cc', 'conj', 'ROOT', 'dobj', 'prep', 'det', 'advmod', 'punct', 'amod', 'pobj', 'prep', 'det', 'compound', 'compound', 'pobj', 'punct', 'cc', 'conj', 'mark', 'poss', 'case', 'nsubj', 'advmod', 'ccomp', 'advmod', 'prep', 'prep', 'pobj']"
145,M73,Sensational Shreyas Iyer powers PBKS to second IPL final,Headline,ESPNCricinfo,"['Sensational', 'Shreyas', 'Iyer', 'powers', 'PBKS', 'to', 'second', 'IPL', 'final']","['ADJ', 'PROPN', 'PROPN', 'NOUN', 'PROPN', 'ADP', 'ADJ', 'PROPN', 'ADJ']","['O', 'O', 'O', 'O', 'O', 'O', 'O', 'O', 'O']","['compound', 'compound', 'compound', 'ROOT', 'dobj', 'prep', 'amod', 'compound', 'pobj']"
146,M73,"For the first time in their history, Mumbai couldn't defend a total in excess of 200",Summary,ESPNCricinfo,"['For', 'the', 'first', 'time', 'in', 'their', 'history', ',', 'Mumbai', 'could', ""n't"", 'defend', 'a', 'total', 'in', 'excess', 'of', '200']","['ADP', 'DET', 'ADJ', 'NOUN', 'ADP', 'PRON', 'NOUN', 'PUNCT', 'PROPN', 'AUX', 'PART', 'VERB', 'DET', 'NOUN', 'ADP', 'NOUN', 'ADP', 'NUM']","['O', 'O', 'O', 'O', 'O', 'O', 'O', 'O', 'O', 'O', 'O', 'O', 'O', 'O', 'O', 'O', 'O', 'O']","['prep', 'det', 'amod', 'pobj', 'prep', 'poss', 'pobj', 'punct', 'nsubj', 'aux', 'neg', 'ROOT', 'det', 'dobj', 'prep', 'pobj', 'prep', 'pobj']"
147,M74,Kohli and RCB are finally IPL champions,Headline,ESPNCricinfo,"['Kohli', 'and', 'RCB', 'are', 'finally', 'IPL', 'champions']","['PROPN', 'CCONJ', 'PROPN', 'AUX', 'ADV', 'PROPN', 'NOUN']","['O', 'O', 'O', 'O', 'O', 'O', 'O']","['nsubj', 'cc', 'conj', 'ROOT', 'advmod', 'compound', 'attr']"
148,M74,An 18-year wait for a first trophy ended on Tuesday night thanks to key contributions from Krunal Pandya and Bhuvneshwar Kumar,Summary,ESPNCricinfo,"['An', '18', '-', 'year', 'wait', 'for', 'a', 'first', 'trophy', 'ended', 'on', 'Tuesday', 'night', 'thanks', 'to', 'key', 'contributions', 'from', 'Krunal', 'Pandya', 'and', 'Bhuvneshwar', 'Kumar']","['DET', 'NUM', 'PUNCT', 'NOUN', 'NOUN', 'ADP', 'DET', 'ADJ', 'NOUN', 'VERB', 'ADP', 'PROPN', 'NOUN', 'NOUN', 'ADP', 'ADJ', 'NOUN', 'ADP', 'PROPN', 'PROPN', 'CCONJ', 'PROPN', 'PROPN']","['O', 'O', 'O', 'O', 'O', 'O', 'O', 'O', 'O', 'O', 'O', 'O', 'O', 'O', 'O', 'O', 'O', 'O', 'O', 'O', 'O', 'O', 'O']","['det', 'nummod', 'punct', 'compound', 'ROOT', 'prep', 'det', 'amod', 'pobj', 'acl', 'prep', 'compound', 'pobj', 'npadvmod', 'prep', 'amod', 'pobj', 'prep', 'compound', 'pobj', 'cc', 'compound', 'conj']"